SiteID;SiteName;SiteCode;Latitude;Longitude;Elevation;regione
2159;L'AQUILA;550;42.33416667;13.42861111;618;abruzzo
2168;ATERNO A FAGNANO;5750;42.24805556;13.56722222;620;abruzzo
2171;TASSO a SCANNO;5800;41.91750000;13.87194444;1054;abruzzo
2177;aterno sagittario a allogg.idr;5900;42.15638889;13.82972222;248;abruzzo
2187;PESCARA AD ALANNO;6030;42.27083333;14.01305556;95;abruzzo
2214;SANGRO a VILLA S.MARIA;6720;41.95500000;14.35638889;287;abruzzo
2274;BARISCIANO;920;42.32361111;13.57388889;932;abruzzo
2;TERAMO;100;42.65472222;13.71722222;264;abruzzo
404;ALANNO;1040;42.29555556;13.98527778;150;abruzzo
606;CHIETI;1060;42.37694444;14.18305556;244;abruzzo
1112;CATIGNANO;1110;42.34611111;13.94527778;323;abruzzo
1540;PESCARA;1160;42.44972222;14.24250000;2;abruzzo
1938;ORTONA;1300;42.34972222;14.40500000;51;abruzzo
1940;LANCIANO;1330;42.22583333;14.38444444;273;abruzzo
1951;ROCCARASO;1430;41.85194444;14.08361111;1280;abruzzo
1958;MONTENERODOMO;1520;41.99000000;14.24861111;1004;abruzzo
1961;BOMBA;1560;42.03444444;14.36833333;563;abruzzo
1975;MONTAZZOLI;1680;41.94222222;14.42805556;792;abruzzo
1980;CUPELLO;1710;42.08222222;14.65000000;265;abruzzo
1982;VASTO;1740;42.09972222;14.69833333;187;abruzzo
1999;CAMPOTOSTO;190;42.53611111;13.40638889;1392;abruzzo
2029;PIETRACAMELA;220;42.52361111;13.55472222;1126;abruzzo
2088;CIVITELLA DEL TRONTO;40;42.77333333;13.66777778;516;abruzzo
2094;ARSITA;410;42.50000000;13.79805556;510;abruzzo
2135;MONTEREALE;470;42.52611111;13.24138889;825;abruzzo
2137;GIULIANOVA;50;42.74805556;13.95277778;55;abruzzo
2213;GORIANO SICOLI;670;42.08222222;13.79888889;904;abruzzo
2247;ANVERSA  (ex CENT.LE ANVERSA);750;41.99444444;13.80277778;538;abruzzo
2256;SANTO STEFANO;80;42.64750000;13.60277778;734;abruzzo
2258;SULMONA;810;42.06861111;13.91444444;365;abruzzo
2263;VILLA S.LUCIA;870;42.33361111;13.77944444;1119;abruzzo
2273;COLLEPIETRO;910;42.22111111;13.78000000;845;abruzzo
2278;PESCOSANSONESCO;960;42.25361111;13.88444444;464;abruzzo
2280;CARAMANICO METEO;980;42.15083333;14.01916667;785;abruzzo
2281;SALLE;990;42.17861111;13.96083333;430;abruzzo
6709;TORINO/BRIC DELLA C;160610;45.033;7.733;710;aeronautica
6718;MILANO/LINATE;160800;45.433;9.283;103;aeronautica
6720;PIACENZA;160840;44.917;9.733;138;aeronautica
6721;BRESCIA/GHEDI;160880;45.417;10.283;97;aeronautica
6723;VERONA/VILLAFRANCA;160900;45.383;10.867;68;aeronautica
6729;TREVISO/ISTRANA;160980;45.683;12.100;46;aeronautica
6730;TREVISO/S. ANGELO;160990;45.650;12.183;23;aeronautica
6733;VENEZIA/TESSERA;161050;45.500;12.333;6;aeronautica
6736;TRIESTE;161100;45.650;13.750;20;aeronautica
6758;MONTE CIMONE;161340;44.200;10.700;2173;aeronautica
6768;CERVIA;161480;44.217;12.300;10;aeronautica
6769;RIMINI;161490;44.033;12.617;13;aeronautica
6771;CAPO MELE;161530;43.950;8.167;221;aeronautica
6773;PISA/S. GIUSTO;161580;43.683;10.383;6;aeronautica
6776;MONTE ARGENTARIO;161680;42.383;11.167;631;aeronautica
6779;AREZZO;161720;43.467;11.850;249;aeronautica
6782;FRONTONE;161790;43.517;12.733;574;aeronautica
6794;GROSSETO;162060;42.750;11.067;7;aeronautica
6810;PESCARA;162300;42.433;14.200;11;aeronautica
6812;TERMOLI;162320;42.000;15.000;44;aeronautica
6821;FROSINONE;162440;41.633;13.300;185;aeronautica
6826;CAMPOBASSO;162520;41.567;14.650;807;aeronautica
6827;GRAZZANISE;162530;41.050;14.067;10;aeronautica
6828;MONTE S. ANGELO;162580;41.700;15.950;844;aeronautica
6841;PONZA;162800;40.917;12.950;185;aeronautica
6851;GIOIA DEL COLLE;163120;40.767;16.933;350;aeronautica
6856;BRINDISI;163200;40.650;17.950;10;aeronautica
6858;MARINA DI GINOSA;163250;40.433;16.883;12;aeronautica
6859;LECCE;163320;40.233;18.150;61;aeronautica
6865;MONTE SCURO;163440;39.333;16.400;1720;aeronautica
6869;S. MARIA DI LEUCA;163600;39.817;18.350;112;aeronautica
6874;USTICA;164000;38.700;13.183;251;aeronautica
6881;MESSINA;164200;38.200;15.550;51;aeronautica
6883;TRAPANI/BIRGI;164290;37.917;12.500;14;aeronautica
6889;GELA;164530;37.083;14.217;65;aeronautica
6891;CATANIA/SIGONELLA;164590;37.400;14.917;22;aeronautica
6897;PANTELLERIA;164700;36.817;11.967;170;aeronautica
6901;COZZO SPADARO;164800;36.683;15.133;51;aeronautica
6919;DECIMOMANNU;165460;39.350;8.967;28;aeronautica
6923;CAGLIARI/ELMAS;165600;39.250;9.067;5;aeronautica
6;Albano di Lucania;179900;40.5894000000;16.0378000000;794;basilicata
20;Tursi;276900;40.2517000000;16.4711000000;257;basilicata
25;Roccanova;332500;40.2128000000;16.2067000000;610;basilicata
42;Matera;55000;40.6694000000;16.6017000000;389;basilicata
44;Irsina;55200;40.7417000000;16.2461000000;453;basilicata
48;Potenza;83800;40.6328000000;15.8108000000;669;basilicata
2;Torre Accio;177000;40.3925000000;16.6539000000;21;basilicata
39;Tramutola;54700;40.2986000000;15.7867000000;875;basilicata
194;San_Mauro_Forte;417800;40.4840139215;16.2483157797;565;basilicata
195;San_Nicola_d__Avigliano;83900;40.7330560000;15.8025010000;859;basilicata
77;Vipiteno;32600MS;46.89782475;11.42939034;946;bolzano
5;Monte Maria;02500MS;46.70568911;10.52126760;1256;bolzano
18;Silandro;09700MS;46.62375473;10.78026981;684;bolzano
23;Diga di Gioveretto Osservatore;11200BM;46.50906285;10.72507183;1896;bolzano
28;Vernago;15800MS;46.73565796;10.84927965;1823;bolzano
30;Naturno;19300MS;46.64766321;10.99117805;561;bolzano
39;Plata;20900MS;46.82249293;11.17808117;1118;bolzano
49;Merano - Quarazze;23200MS;46.68805798;11.13656021;369;bolzano
58;Diga di Zoccolo-S.Valburga;25900MS;46.54187189;10.99013577;1282;bolzano
79;Diga di Vizze Osservatore;33600BM;46.92499219;11.52467210;1415;bolzano
83;Ridanna;34500MS;46.90908292;11.30677415;1337;bolzano
94;Dobbiaco;41000MS;46.72997843;12.21915906;1219;bolzano
102;S.Maddalena in Casies;44500MS;46.83526049;12.24271916;1456;bolzano
110;Predoi;50500MS;47.03658867;12.09912721;1515;bolzano
135;La Villa in Badia Osservatore;61500BM;46.58363040;11.90707588;1398;bolzano
149;Terento;65600MS;46.83445756;11.78557637;1437;bolzano
150;Fundres;66500MS;46.88718005;11.70294280;1151;bolzano
166;Selva Gardena;73500MS;46.54555526;11.76842971;1713;bolzano
172;Colma-Barbiano;74900MS;46.59512824;11.52910684;511;bolzano
176;Fi� allo Sciliar;75600MS;46.51340578;11.50595194;804;bolzano
197;Sarentino;82200MS;46.64063165;11.35506130;976;bolzano
203;Bolzano;83200MS;46.49768516;11.31283145;246;bolzano
206;Nova Ponente;85120MS;46.42048615;11.42685821;1416;bolzano
217;Salorno;88820MS;46.23623649;11.18548738;288;bolzano
223;Sesto;91500MS;46.70305366;12.34996391;1490;bolzano
146;Borgia - Roccelletta;1865;38.81861111;16.59777778;20;calabria
181;Stignano;2072;38.42516667;16.47438889;417;calabria
2;Cosenza;1010;39.28694444;16.26527778;269;calabria
7;San Pietro in Guarano;1030;39.34555556;16.31361111;766;calabria
14;Camigliatello - Monte Curcio;1092;39.31611111;16.42305556;1711;calabria
18;Torano Scalo;1130;39.49388889;16.21000000;93;calabria
20;Tarsia;1140;39.61722222;16.27277778;203;calabria
34;San Sosti;1230;39.66444444;16.02805556;384;calabria
60;Cropalati;1380;39.51583333;16.72444444;321;calabria
64;Cariati Marina;1410;39.50513889;16.94022222;14;calabria
68;Crucoli;1440;39.42444444;17.00388889;279;calabria
71;Ciro' Marina - Punta Alice;1455;39.38416667;17.12611111;8;calabria
95;Cerenzia;1580;39.24250000;16.78333333;596;calabria
107;Crotone - Papanice;1675;39.07250000;17.02777778;118;calabria
108;Crotone;1680;39.08694444;17.13111111;1;calabria
111;Crotone - Salica;1695;39.01222222;17.12611111;145;calabria
112;Isola di Capo Rizzuto - Campolongo;1700;38.94305556;17.00880000;151;calabria
125;Botricello;1760;38.94147222;16.85863889;32;calabria
127;Cropani;1780;38.97083333;16.78000000;317;calabria
135;Albi;1830;39.02638889;16.59833333;803;calabria
140;Catanzaro;1850;38.91083333;16.58583333;315;calabria
156;Cenadi - Serralta;1935;38.74916667;16.36833333;949;calabria
157;Palermiti;1940;38.74919444;16.45286111;525;calabria
160;Chiaravalle Centrale;1960;38.67138889;16.40888889;551;calabria
177;Monasterace - Punta Stilo;2040;38.45361111;16.55222222;64;calabria
184;Mongiana;2086;38.51630556;16.31672222;885;calabria
191;Roccella Ionica;2130;38.32166667;16.40000000;20;calabria
194;Fabrizia - Cassari;2150;38.44222222;16.29333333;999;calabria
196;Gioiosa Ionica;2160;38.30111111;16.32972222;18;calabria
198;Antonimina - Canolo Nuovo;2180;38.31305556;16.12722222;925;calabria
205;Ardore Superiore;2210;38.20594444;16.15505556;275;calabria
208;Plati';2230;38.22222222;16.04444444;329;calabria
212;San Luca;2260;38.14841667;16.06727778;131;calabria
213;Sant'Agata del Bianco;2270;38.10075000;16.08533333;310;calabria
215;Staiti;2290;37.99986111;16.03550000;369;calabria
217;Capo Spartivento;2310;37.92727778;16.05613889;61;calabria
218;Bova Superiore;2320;37.99611111;15.93286111;791;calabria
226;Montebello Ionico;2380;37.98388889;15.75833333;463;calabria
239;Cardeto;2465;38.10336111;15.79955556;1230;calabria
246;Scilla;2510;38.25166667;15.71972222;60;calabria
261;Sinopoli;2560;38.25991667;15.87747222;457;calabria
263;Molochio;2580;38.30883333;16.03136111;287;calabria
265;Cittanova;2600;38.35222222;16.07750000;407;calabria
266;Rizziconi;2610;38.40769444;15.97163889;92;calabria
281;Arena;2670;38.56213889;16.21691667;566;calabria
284;Feroleto della Chiesa;2690;38.46805556;16.06833333;180;calabria
290;Mileto;2730;38.61386100;16.06480800;328;calabria
292;Rosarno;2740;38.50050000;15.98811111;27;calabria
294;Joppolo;2760;38.59200000;15.90525000;635;calabria
296;Zungri;2780;38.65347222;15.98294444;451;calabria
299;Vibo Valentia;2800;38.67722222;16.10638889;481;calabria
307;Filadelfia;2830;38.78694444;16.29305556;579;calabria
327;Nicastro - Bella;2940;38.98555556;16.29944444;597;calabria
338;Rogliano;3000;39.18361111;16.32583333;665;calabria
343;Amantea;3040;39.14916667;16.08625000;278;calabria
345;Paola;3060;39.36727778;16.04208333;282;calabria
348;Cetraro Superiore;3090;39.53505556;15.96408333;417;calabria
353;Laino Borgo;3150;39.95444444;15.97611111;344;calabria
380;Villapiana Scalo;930;39.79500000;16.49861111;0;calabria
386;Cassano allo Ionio;970;39.78308333;16.31894444;180;calabria
43;Montella;NA;40.84777778;15.05027778;499.6351928710938;campania
54;Paduli;NA;41.14805556;14.83472222;139.4526672363281;campania
135;Gragnano;NA;40.68638889;14.52638889;310.4288330078125;campania
3;Alife;NA;41.33916667;14.33361111;133.5564575195312;campania
5;Alvignano;NA;41.21805556;14.39444444;170.3599395751953;campania
9;Auletta;NA;40.55166667;15.42805556;245.9533996582031;campania
11;Bagnoli irpino;NA;40.82722222;15.07444444;893.6030883789062;campania
12;Battipaglia;NA;40.61111111;14.97555556;69.5071258544922;campania
14;Benevento;NA;41.14194444;14.76222222;117.5702285766602;campania
17;Boiara;NA;40.84138889;15.24277778;722.9869995117188;campania
18;Boville ernica;NA;41.65222222;13.47750000;437.1869201660156;campania
23;Castelluccio;NA;40.58166667;15.33777778;283.8472900390625;campania
33;Grazzanise;NA;41.09250000;14.10527778;12.9779176712036;campania
39;Melizzano;NA;41.16722222;14.50527778;193.6260833740234;campania
40;Mercato s.severino;NA;40.77833333;14.75277778;141.7494049072266;campania
46;Montemarano;NA;40.91416667;15.00361111;815.4692382812500;campania
56;Persano sele;NA;40.54416667;15.03250000;20.1688442230225;campania
59;Pompei;NA;40.75666667;14.49250000;25.2411174774170;campania
70;S.angelo d'alife;NA;41.35333333;14.23638889;135.6263122558594;campania
76;S.mauro;NA;40.76388889;14.63222222;40.6466827392578;campania
77;S.pietro;NA;40.81833333;14.78694444;204.2464141845703;campania
84;Senerchia;NA;40.73861111;15.20555556;613.1246948242188;campania
87;Sorgenti grassano;NA;41.22194444;14.50166667;76.7889328002930;campania
92;Torriello;NA;40.84750000;14.62583333;839.5303344726564;campania
98;Contursi meteo;NA;40.67583333;15.25194444;214.4986877441407;campania
110;Bellosguardo;NA;40.42333333;15.31138889;483.2072143554687;campania
112;Caiazzo;NA;41.17944444;14.35722222;137.9358520507812;campania
114;Capri;NA;40.54833333;14.23861111;77.4329757690430;campania
117;Caserta vecchia;NA;41.09611111;14.36805556;315.0306091308594;campania
125;Cervinara;NA;41.01444444;14.63250000;517.1931762695312;campania
133;Forino;NA;40.86000000;14.74555556;410.8256835937500;campania
134;Giffoni valle piana;NA;40.78666667;14.91194444;867.3969116210938;campania
137;Monte epomeo;NA;40.71166667;13.89555556;298.0879516601562;campania
142;Liberi;NA;41.22333333;14.28777778;500.8713378906250;campania
144;Massa lubrense;NA;40.60527778;14.37111111;363.4907531738281;campania
146;Mercogliano;NA;40.92000000;14.73166667;775.9531860351564;campania
147;Monteforte irpino;NA;40.88472222;14.72138889;530.0917358398438;campania
151;Napoli camaldoli;NA;40.85833333;14.19888889;331.0464172363281;campania
152;Napoli capodimonte;NA;40.86166667;14.23250000;218.5598907470703;campania
154;Ottaviano;NA;40.85472222;14.47861111;174.1328582763672;campania
158;Piani di prato;NA;40.83472222;14.64861111;860.9732666015625;campania
159;Pietramelara;NA;41.26472222;14.20916667;175.4728393554688;campania
160;Ponte camerelle;NA;40.73416667;14.68472222;88.0030593872070;campania
164;Pozzuoli;NA;40.82972222;14.13527778;70.8255310058594;campania
173;Rotondi;NA;41.02111111;14.58944444;543.9010009765625;campania
174;S.agata dei goti;NA;41.08555556;14.49916667;163.5591583251953;campania
179;S.felice a cancello;NA;40.99972222;14.47861111;368.3760681152344;campania
180;S.martino valle caudina;NA;40.99722222;14.67638889;833.9062500000000;campania
183;Salerno genio civile;NA;40.67805556;14.75138889;114.7509078979492;campania
191;Solofra;NA;40.82361111;14.85500000;489.4175109863281;campania
193;Torre del greco;NA;40.79416667;14.38055556;131.2774658203125;campania
195;Vietri;NA;40.59500000;15.51750000;597.2850952148438;campania
198;Visciano;NA;40.92750000;14.58638889;405.7795104980469;campania
27;Sasso Marconi;20005;44.442754;11.240967;220;emiliaromagna
28;S. Agata sul Santerno;20006;44.450536;11.867947;12;emiliaromagna
39;Copparo;20017;44.916933;11.832385;2;emiliaromagna
41;Correggio;20019;44.746098;10.773157;34;emiliaromagna
9317;RAVENNAURB;08RAVENNAURB;44.407090;12.198670;4;emiliaromagna
9556;Carpineta   Rubicone;08CARPINETAAGRO;44.089400;12.272600;141;emiliaromagna
9573;Monghidoro  tele   Reno-Idice;08MONGHIDOROTELE;44.222300;11.323400;801;emiliaromagna
13063;Palantone - Opera Po;0811895;44.927109;11.440684;9;emiliaromagna
14158;Bologna idrografico;OPENDATA26;44.499720;11.346110;45;emiliaromagna
14197;Casoni di Santa Maria di Taro;OPENDATA65;44.437510;9.480700;814;emiliaromagna
14246;Ferrara urbana;OPENDATA114;44.832500;11.621140;9;emiliaromagna
14271;Imola;OPENDATA139;44.345350;11.712920;44;emiliaromagna
14415;San Clemente;OPENDATA283;44.319160;11.490650;208;emiliaromagna
14444;Secondo Salto;OPENDATA312;44.782780;11.370160;15;emiliaromagna
14458;Sostegno Reno;OPENDATA326;44.665470;11.272370;25;emiliaromagna
9013;ALFONSINE;08ALFONSINE;44.493030;12.044500;7;emiliaromagna
9041;BERRA;08BERRA;44.978800;11.997710;2;emiliaromagna
9051;BOMBIANA;08BOMBIANA;44.214390;10.973650;778;emiliaromagna
9054;BORGONOVOVT;08BORGONOVOVT;45.017270;9.443330;106;emiliaromagna
9068;CABORTOLANI;08CABORTOLANI;44.346820;11.084530;603;emiliaromagna
9071;CALDERARARENO;08CALDERARARENO;44.566130;11.272140;31;emiliaromagna
9101;CASTELDELRIO;08CASTELDELRIO;44.211200;11.504890;214;emiliaromagna
9119;CERVIA;08CERVIA;44.272490;12.318910;2;emiliaromagna
9121;CESENATICO;08CESENATICO;44.207130;12.397410;1;emiliaromagna
9167;FRASSINORO;08FRASSINORO;44.295760;10.575640;1001;emiliaromagna
9177;GUAGNINO;08GUAGNINO;44.688420;12.211590;3;emiliaromagna
9189;JOLANDADISAVOIA;08JOLANDADISAVOIA;44.886490;11.976600;1;emiliaromagna
9191;LAGDEI;08LAGDEI;44.412300;10.008520;1315;emiliaromagna
9192;LAGOBALLANO;08LAGOBALLANO;44.369500;10.102050;1255;emiliaromagna
9230;MONTEACUTOALPI;08MONTEACUTOALPI;44.136390;10.887390;828;emiliaromagna
9233;MONTECATONE;08MONTECATONE;44.346020;11.636300;168;emiliaromagna
9244;MONTESPIETRO;08MONTESPIETRO;44.437930;11.136340;249;emiliaromagna
9276;PAVANADIGA;08PAVANADIGA;44.118280;11.005540;467;emiliaromagna
9287;PIANORO;08PIANORO;44.371030;11.339880;196;emiliaromagna
9289;PIEVEPELAGO;08PIEVEPELAGO;44.194290;10.577210;979;emiliaromagna
9310;PRUGNOLO;08PRUGNOLO;44.390000;11.494550;247;emiliaromagna
9328;RIOLOTERME;08RIOLOTERME;44.274240;11.724150;78;emiliaromagna
9404;VERGATO;08VERGATO;44.287810;11.113110;207;emiliaromagna
9578;Pennabilli   Marecchia;08PENNABILLITELE;43.820200;12.269000;580;emiliaromagna
12653;Arcello;085987;44.937114;9.431035;347;emiliaromagna
2;Barcis;BAR;46.193202;12.571028;468;friuliveneziagiulia
5;Bordano;BOR;46.332764;13.081196;230;friuliveneziagiulia
6;Borgo grotta gigante;BGG;45.709385;13.764681;275;friuliveneziagiulia
7;Brugnera;BRU;45.917972;12.545003;22;friuliveneziagiulia
12;Cervignano del friuli;CER;45.849486;13.337015;8;friuliveneziagiulia
13;Chievolis;CHI;46.254523;12.734044;345;friuliveneziagiulia
14;Cividale del friuli;CIV;46.080442;13.420014;127;friuliveneziagiulia
15;Codroipo;COD;45.952356;13.002742;37;friuliveneziagiulia
20;Fossalon;FOS;45.714768;13.458865;0;friuliveneziagiulia
21;Gemona del friuli;GEM;46.261297;13.122088;184;friuliveneziagiulia
23;Gradisca d'is.;GRA;45.889791;13.481807;29;friuliveneziagiulia
24;Grado;GRD;45.676400;13.394500;5;friuliveneziagiulia
27;Lignano sabbiadoro;LIG;45.701909;13.147078;7;friuliveneziagiulia
28;Monfalcone;MNF;45.780471;13.536554;0;friuliveneziagiulia
36;Palazzolo dello stella;PAL;45.805702;13.052598;5;friuliveneziagiulia
39;Pordenone;POR;45.953618;12.681257;23;friuliveneziagiulia
43;San vito al tgl.;SAN;45.895661;12.814989;21;friuliveneziagiulia
46;Talmassons;TAL;45.882311;13.155779;16;friuliveneziagiulia
47;Tarvisio;TAR;46.510775;13.551886;794;friuliveneziagiulia
51;Trieste molo f.lli bandiera;TRI;45.649996;13.752242;1;friuliveneziagiulia
52;Udine s.o.;UDI;46.035212;13.226672;91;friuliveneziagiulia
53;Vivaro;VIV;46.076529;12.768814;142;friuliveneziagiulia
240;Roma Macao;111600;41.9039;12.5072;56;lazio
333;Collegio Romano;391500;41.8986;12.4806;19;lazio
375;Roma Monte Mario;479700;41.9356;12.4356;111;lazio
239;Aniene a Lunghezza;108300;41.9272;12.6675;32;lazio
265;Fosso di Pratolungo;185400;41.9364;12.5989;22;lazio
270;Arrone a Maccarese;199100;41.8825;12.2333;10;lazio
273;Marta a Tarquinia;199400;42.2569;11.7425;50;lazio
275;Allumiere;199600;42.1578;11.9086;568;lazio
276;Civitavecchia;199700;42.0967;11.7853;7;lazio
278;Bracciano;199900;42.1019;12.1750;214;lazio
281;Leonessa;200600;42.5786;12.9536;929;lazio
282;Posticciola;200800;42.2336;12.9419;626;lazio
283;Poggio Mirteto;200900;42.2700;12.6953;353;lazio
285;Ardea;201200;41.6117;12.5369;22;lazio
288;Amaseno a Fossanova;201500;41.4333;13.1944;24;lazio
289;Latina;201600;41.4714;12.9058;17;lazio
324;Castel Cellesi;354400;42.5861;12.1608;327;lazio
329;Barbarano;391100;42.2542;12.0444;313;lazio
334;Frascati;391600;41.8097;12.6714;245;lazio
348;Lugnano;476800;42.4342;12.9225;637;lazio
352;Lenola;477200;41.4089;13.4633;480;lazio
377;Bagnoregio;479900;42.6261;12.1025;366;lazio
380;Licenza;480200;42.0750;12.8997;553;lazio
388;Monte Terminillo;481000;42.4556;12.9928;1594;lazio
434;Fosso di Pantanello ad Ostia;575000;41.7172;12.3608;8;lazio
5813;Busalla;01602;44.572770;8.948889;358;liguria
5820;Alassio;00220;44.007222;8.170139;10;liguria
5832;Calice al Cornoviglio;01348;44.249000;9.838700;425;liguria
5833;Calice Ligure;00370;44.195730;8.302050;70;liguria
5849;Colle Belenda;00060;43.980000;7.700000;1357;liguria
5863;Fiorino;00550;44.465778;8.705639;236;liguria
5868;Giacopiane;00900;44.462680;9.395250;1009;liguria
5870;Imperia;00170;43.878900;8.016940;60;liguria
5880;Levanto;01017;44.172100;9.606300;4;liguria
5882;Loco Carchelli;01658;44.553600;9.284170;610;liguria
5884;Manie;00390;44.193250;8.378830;297;liguria
5887;Mele;00560;44.474889;8.733889;278;liguria
5888;Mignanego;00590;44.540806;8.940611;250;liguria
5889;Molino Branca;00311;44.048100;8.210830;6;liguria
5893;Monte Domenico;00976;44.300000;9.430000;220;liguria
5919;Ricco' del Golfo;01340;44.153190;9.763730;143;liguria
5924;S. Margherita Vara;01300;44.275833;9.661111;200;liguria
5926;Sanremo;00101;43.822694;7.786250;45;liguria
5933;Sarzana;01380;44.114722;9.965278;26;liguria
5934;Savona Istituto Nautico;00440;44.307111;8.484083;28;liguria
5937;Statale;00940;44.348694;9.483389;570;liguria
5941;Tavarone;01270;44.313611;9.549722;603;liguria
6933;BORZONE;00909;44.424300;9.410000;370;liguria
7136;Onzo - Ponterotto;00248;44.057200;8.041300;115;liguria
7144;Pian dei Ratti;00872;44.393700;9.271000;70;liguria
7203;Cabanne;01675;44.488300;9.340800;809;liguria
14233;Diga del Brugneto;OPENDATA101;44.533930;9.208250;856;liguria
14437;Santo Stefano d'Aveto;OPENDATA305;44.545910;9.450050;1073;liguria
14464;Torriglia;OPENDATA332;44.514850;9.154540;739;liguria
5998;Cremona;00677;45.142500;10.043611;45;lombardia
6000;Pavia;00817;45.185556;9.151389;80;lombardia
6009;Luino;00859;45.998056;8.744444;217;lombardia
6031;Varese;00907;45.832500;8.823611;412;lombardia
9601;Valverde   Tidone;08VALVERDE;44.868400;9.233600;523;lombardia
201;Bolognola;201;42.991081;13.239088;1360;marche
204;Sarnano;204;43.006702;13.241568;1365;marche
17;Calcinelli;17;43.762669;12.967556;36;marche
19;Servigliano;19;43.085857;13.498032;197;marche
25;Ascoli Piceno;25;42.852242;13.651516;78;marche
29;Pesaro;29;43.907555;12.897710;9;marche
101;Sant'Angelo in Vado;101;43.666889;12.410222;352;marche
102;Sassocorvaro;102;43.808586;12.512582;173;marche
103;Petriano;103;43.781498;12.707200;122;marche
104;Urbino;104;43.723278;12.636861;471;marche
106;Acqualagna;106;43.628277;12.684500;193;marche
108;Pergola;108;43.568672;12.844062;242;marche
109;Fonte Avellana;109;43.471085;12.726417;690;marche
110;Jesi;110;43.531944;13.229972;100;marche
118;Cupramontana;118;43.445461;13.115717;510;marche
119;Montecarotto;119;43.534794;13.056502;350;marche
123;Arcevia;123;43.497452;12.936685;535;marche
124;Loro Piceno;124;43.159931;13.403673;430;marche
128;Recanati;128;43.383694;13.593250;25;marche
134;Capodacqua;134;42.738480;13.238181;842;marche
142;Montemonaco;142;42.899452;13.326110;995;marche
146;Porto Sant' Elpidio;146;43.232677;13.772406;9;marche
148;Fermo;148;43.157501;13.714444;224;marche
151;Fossombrone;151;43.694527;12.798468;96;marche
152;Fano;152;43.826328;13.053796;7;marche
176;Foresta della Cesana;176;43.692600;12.767500;633;marche
502;Campodiegoli;502;43.310402;12.824278;532;marche
506;Moie;506;43.496212;13.125891;104;marche
602;Sorti;602;43.159035;12.970743;469;marche
604;Fiume di Fiastra;604;43.034702;13.155992;747;marche
605;Fabriano;605;43.330273;12.904034;354;marche
606;Senigallia;606;43.701027;13.205760;6;marche
608;Cingoli;608;43.362240;13.192330;790;marche
609;Lornano;609;43.292240;13.418700;294;marche
610;Loreto;610;43.435791;13.619550;45;marche
612;Serravalle del Chienti;612;43.030556;12.917500;754;marche
613;Baraccola;613;43.574444;13.523889;52;marche
614;Tavoleto;614;43.843399;12.590949;405;marche
615;San Lorenzo in Campo;615;43.605000;12.953333;160;marche
616;Apiro;616;43.368420;13.079540;580;marche
617;Tolentino;617;43.209221;13.295520;191;marche
618;Barbara;618;43.580269;13.029075;186;marche
621;Piagge;621;43.737499;12.969240;189;marche
701;Ancona Torrette;701;43.610954;13.449807;5;marche
702;Carpegna;702;43.780575;12.340618;715;marche
703;Amatrice;703;42.625565;13.296259;954;marche
705;Corinaldo;705;43.660507;13.046379;218;marche
706;Urbania;706;43.652973;12.551855;245;marche
707;Cantiano;707;43.467068;12.640526;396;marche
708;Diga di Carassai;708;43.025967;13.645953;330;marche
712;Pianello;712;43.512161;12.553353;400;marche
713;Pioraco;713;43.181114;12.973331;445;marche
714;Sassoferrato;714;43.424988;12.856347;386;marche
715;Arquata del Tronto;715;42.777809;13.295440;700;marche
716;Ripatransone;716;42.992119;13.785010;409;marche
718;Croce di Casale;718;42.905209;13.406830;760;marche
720;Amandola;720;42.976379;13.351340;463;marche
723;Pieve Bovigliana;723;43.072571;13.086903;451;marche
5598;ISOLA S. ANTONIO;00220;45.022;8.855;76;piemonte
5599;OVADA;00230;44.648;8.637;193;piemonte
5600;ALESSANDRIA LOBBI;00115;44.938;8.705;88;piemonte
5602;CASALE MONFERRATO;00119;45.133;8.505;105;piemonte
5603;ASTI TANARO;00138;44.886;8.213;116;piemonte
5605;ALBA TANARO;00429;44.706;8.029;163;piemonte
5607;CHIUSA PESIO;00307;44.234;7.661;924;piemonte
5608;PONTECHIANALE;00283;44.613;7.054;1650;piemonte
5609;MONDOVI';00315;44.397;7.812;414;piemonte
5611;BROSSASCO;00356;44.569;7.374;675;piemonte
5612;BRA;00317;44.702;7.853;327;piemonte
5613;BOVES;00107;44.336;7.563;573;piemonte
5616;BORGOMANERO;00130;45.689;8.461;299;piemonte
5617;PIETRASTRETTA;00146;45.143;7.055;732;piemonte
5620;SALBERTRAND;00150;45.072;6.895;1150;piemonte
5621;LUSERNA S. GIOVANNI;00105;44.814;7.242;468;piemonte
5627;LANZO;00111;45.290;7.494;565;piemonte
5628;CUMIANA;00109;44.965;7.392;305;piemonte
5629;COAZZE;00260;45.043;7.245;1110;piemonte
5630;LAGO AGNEL;00237;45.469;7.140;2326;piemonte
5631;PRERICHARD;00152;45.076;6.718;1627;piemonte
5632;ALA DI STURA;00250;45.313;7.311;1063;piemonte
5634;VERCELLI;00198;45.326;8.391;132;piemonte
5639;PIEDICAVALLO;00191;45.690;7.957;1108;piemonte
5640;OROPA;00123;45.628;7.982;1222;piemonte
5642;CICOGNA;00340;46.004;8.493;597;piemonte
5644;ALPE CHEGGIO;00160;46.086;8.117;1661;piemonte
5645;SAMBUGHETTO;00638;45.907;8.313;807;piemonte
5646;CRODO;00156;46.228;8.325;571;piemonte
5647;PALLANZA;00641;45.925;8.550;214;piemonte
5648;CANDOGLIA TOCE;00604;45.976;8.423;375;piemonte
5649;DOMODOSSOLA;00117;46.104;8.303;255;piemonte
5650;ANZINO;00162;45.988;8.157;623;piemonte
5651;ALPE DEVERO;00154;46.317;8.261;1700;piemonte
11;BARI_(FACOLTA_DINGEGNERIA);466;41.10639;16.87778;23;puglia
12;BARI_(OSSERVATORIO);467;41.11722;16.87167;34;puglia
13;BARI_(UFFICIO_IDROGRAFICO);402;41.11972;16.88194;17;puglia
97;"NARDO";19;40.16694;18.03333;54;puglia
1;ADELFIA;465;41.00000;16.85083;153;puglia
2;ALBERONA;476;41.41750;15.11694;744;puglia
3;ALTAMURA;401;40.82389;16.55278;458;puglia
4;ANDRETTA;46;40.91722;15.31750;890;puglia
5;ANDRIA;33;41.21806;16.28417;162;puglia
8;ASCOLI_SATRIANO;55;41.20083;15.55056;435;puglia
9;ATELLA;495;40.86806;15.61806;495;puglia
10;AVETRANA;56;40.33389;17.71722;80;puglia
14;BARLETTA;29;41.30056;16.20028;30;puglia
15;BICCARI;403;41.40056;15.18389;590;puglia
16;BISACCIA;464;41.00028;15.36722;900;puglia
17;BISCEGLIE;1;41.23361;16.48389;30;puglia
18;BITONTO;468;41.10028;16.68389;126;puglia
19;BORGO_LIBERTA;404;41.18361;15.75056;235;puglia
20;BOSCO_UMBRA;405;41.81667;16.03389;780;puglia
21;BOVINO;406;41.10083;15.31806;620;puglia
22;BRINDISI;6;40.63389;17.91722;22;puglia
23;CAGNANO_VARANO;407;41.83361;15.80028;181;puglia
24;CALITRI;408;40.88417;15.41694;670;puglia
27;CANOSA_DI_PUGLIA;409;41.21694;16.10056;116;puglia
30;CASAMASSIMA;42;40.95028;16.91667;229;puglia
31;CASSANO_MURGE;53;40.88361;16.76667;380;puglia
32;CASTEL_DEL_MONTE;410;41.06722;16.31694;470;puglia
33;CASTELLANA_GROTTE;411;40.86750;17.20056;300;puglia
34;CASTELLANETA;51;40.61722;16.91750;236;puglia
35;CASTELLUCCIO_DEI_SAURI;412;41.30028;15.51667;210;puglia
36;CEGLIE_MESSAPICA;474;40.60139;17.51694;286;puglia
38;CERIGNOLA;21;41.25056;15.90028;134;puglia
39;COLLEPASSO;488;40.06667;18.16778;120;puglia
40;CONVERSANO;469;40.95056;17.10083;212;puglia
41;COPERTINO;489;40.26667;18.05000;48;puglia
42;CORATO;16;41.15000;16.40056;249;puglia
44;CRISPIANO;498;40.58444;17.23472;264;puglia
48;DIGA_RENDINA;45;41.03333;15.71750;214;puglia
50;FASANO;24;40.83361;17.35028;118;puglia
52;FOGGIA_(OSSERVATORIO);26;41.46167;15.54306;94;puglia
53;FONTE_ROSA;478;41.41722;15.76778;25;puglia
54;FORENZA;419;40.83472;15.85028;753;puglia
55;GALATINA;490;40.13417;18.16778;84;puglia
56;GALLIPOLI;420;40.05444;17.99444;31;puglia
57;GINOSA;421;40.57778;16.75750;254;puglia
58;GINOSA_MARINA;54;40.43361;16.88472;15;puglia
59;GIOIA_DEL_COLLE;27;40.80000;16.91694;377;puglia
60;GIOVINAZZO;470;41.18333;16.66694;22;puglia
61;GROTTAGLIE;37;40.53361;17.43361;165;puglia
62;GRUMO_APPULA;12;40.98472;16.71806;202;puglia
64;LAGOPESOLE;422;40.80000;15.73333;769;puglia
65;LATIANO;35;40.55000;17.70056;114;puglia
66;LAVELLO;50;41.05056;15.79500;328;puglia
67;LECCE;423;40.35028;18.16667;51;puglia
68;LESINA;424;41.85056;15.35000;17;puglia
69;LIZZANO;52;40.38389;17.43417;71;puglia
70;LOCONIA;471;41.11778;15.95028;102;puglia
71;LOCOROTONDO;25;40.75000;17.33333;397;puglia
72;LUCERA;49;41.50056;15.33333;224;puglia
73;MAGLIE;8;40.10083;18.28389;102;puglia
74;MANDURIA;499;40.36806;17.63444;81;puglia
75;MANFREDONIA-BONIFICA_SIPONTINA;425;41.58306;15.88000;2;puglia
77;MASSAFRA;41;40.58361;17.10056;113;puglia
82;MASSERIA_MONTERUGA;427;40.33389;17.81722;92;puglia
84;MASSERIA_S._CHIARA;428;41.33361;16.13333;10;puglia
85;MELENDUGNO;491;40.26722;18.26722;50;puglia
86;MELFI;429;40.98389;15.61694;569;puglia
87;MERCADANTE;430;40.88389;16.70000;395;puglia
88;MINERVINO_DI_LECCE;492;40.08361;18.41667;104;puglia
89;MINERVINO_MURGE;32;41.06694;16.08333;502;puglia
90;MONTELEONE_DI_PUGLIA;30;41.15056;15.25028;828;puglia
91;MONTEMILONE;432;41.01722;15.95083;350;puglia
92;MONTE_S._ANGELO;48;41.70028;15.95056;808;puglia
94;MONTICCHIO_BAGNI;13;40.93333;15.60000;713;puglia
98;NOCI;472;40.78389;17.11667;431;puglia
99;NOVOLI;493;40.36694;18.05056;51;puglia
100;NUSCO;434;40.88333;15.08333;863;puglia
101;ORSARA_DI_PUGLIA;479;41.25111;15.28472;683;puglia
102;ORTANOVA;40;41.31722;15.70028;84;puglia
104;OSTUNI;23;40.73389;17.56694;115;puglia
105;OTRANTO;9;40.15028;18.48417;27;puglia
108;PESCOPAGANO;496;40.81778;15.36806;920;puglia
109;PIETRAMONTECORVINO;22;41.53389;15.11722;464;puglia
111;POLIGNANO_A_MARE;34;40.98361;17.21667;50;puglia
112;PRESICCE;436;39.88389;18.26667;105;puglia
114;RIPACANDIDA;437;40.90083;15.73333;658;puglia
115;ROCCHETTA_S._ANTONIO;445;41.10028;15.45083;679;puglia
116;ROCCHETTA_S._ANTONIO_(SCALO_);481;41.06722;15.53417;220;puglia
117;RUFFANO;2;39.96750;18.26667;134;puglia
118;RUVO_DI_PUGLIA;10;41.10083;16.48361;274;puglia
119;SAN_FELE;497;40.80028;15.51750;902;puglia
120;SAN_GIORGIO_JONICO;446;40.45028;17.36750;86;puglia
121;SAN_GIOVANNI_ROTONDO;482;41.70111;15.75028;572;puglia
122;SAN_MARCO_IN_LAMIS;447;41.70056;15.63333;564;puglia
123;SANNICANDRO_GARGANICO;5;41.83361;15.58417;228;puglia
124;SAN_PANCRAZIO_SALENTINO;59;40.41667;17.83361;69;puglia
126;SAN_PIETRO_VERNOTICO;18;40.46750;18.00083;49;puglia
128;SAN_SEVERO;448;41.68389;15.38333;99;puglia
129;SANTAGATA_DI_PUGLIA;483;41.13417;15.38417;710;puglia
130;SANTA_MARIA_DI_LEUCA;450;39.78417;18.35000;26;puglia
131;SANT_ANGELO_DEI_LOMBARDI;451;40.91750;15.18333;886;puglia
132;SANTERAMO_IN_COLLE;473;40.78389;16.75056;489;puglia
133;SAN_VITO_DEI_NORMANNI;449;40.65028;17.70028;121;puglia
134;SAVIGNANO_IRPINO;452;41.21694;15.18333;726;puglia
135;SPINAZZOLA;453;40.95056;16.08417;458;puglia
137;TALSANO;454;40.40056;17.26694;37;puglia
138;TARANTO;57;40.46417;17.25028;27;puglia
139;TAVIANO;14;39.96750;18.08361;65;puglia
141;TERTIVERI;484;41.43333;15.20028;364;puglia
142;TORREMAGGIORE;485;41.68361;15.28389;184;puglia
143;TROIA;38;41.35056;15.30056;436;puglia
144;TURI;39;40.90083;17.01667;268;puglia
145;VENOSA;58;40.95083;15.80056;415;puglia
146;VICO_GARGANICO;486;41.81750;15.91722;450;puglia
147;VIESTE;459;41.86750;16.16694;33;puglia
148;VIGNACASTRISI;494;40.00056;18.40000;99;puglia
150;VOLTURINO;487;41.45028;15.10056;713;puglia
CA052B064;FLUMINIMAGGIORE;NA;39.4369768265177;8.49886600915196;45;sardegna
CA052B250;SU ZURFURU (M.RA);NA;39.4197700629876;8.49968628560545;105;sardegna
CA058B055;DOLIANOVA F.C.;NA;39.3767527108414;9.16768703994305;191;sardegna
OR060B428;IDROVORA 14;NA;39.7739549106893;8.58064300801401;7;sardegna
SS047B122;OLMEDO;NA;40.6517816384678;8.37740443162495;52;sardegna
CA011B539;MANDAS RF;NA;39.6594416226669;9.13193871572291;490;sardegna
CA018B579;SARDARA RF;NA;39.6200016595188;8.81416971109033;222;sardegna
CA027B574;SANLURI STROVINA;NA;39.5261143022019;8.84611419725182;61;sardegna
CA029B508;FLUMENDOSA A BALLAO RF;NA;39.5538910129172;9.35333549375275;100;sardegna
CA034B582;SENORBI RF;NA;39.5450018819387;9.13833226100289;234;sardegna
CA048B551;NURAMINIS RF;NA;39.4522197230707;9.01805019481742;135;sardegna
CA059B594;VILLASOR RF;NA;39.3716672777638;8.93888799013220;22;sardegna
CA061B591;VALLERMOSA RF;NA;39.3750019536471;8.80194547897078;81;sardegna
CA069B522;FLUMINI MANNU A DECIMOMANNU;NA;39.3074987257463;8.95305959507107;12;sardegna
CA086B520;CARBONIA C.RA FLUMENTEPIDO;NA;39.1888882344445;8.48166592069252;74;sardegna
CA095B577;SANTADI RF;NA;39.0916631225000;8.71972706495346;164;sardegna
CA097B578;SANT'ANTIOCO RF;NA;39.0619481934690;8.45000068995470;94;sardegna
CA101B562;SANT'ANNA ARRESI PORTO PINO;NA;38.9744424638753;8.62027419303465;2;sardegna
CA102B530;PULA IS CANNONERIS;NA;39.0330585652471;8.84888759649053;717;sardegna
CA102B565;PULA RF;NA;39.0169450775187;8.99889108484417;14;sardegna
NU008B538;ONANI' MAMONE;NA;40.5705548304553;9.42222152072071;868;sardegna
NU010B535;LULA RF;NA;40.4633294500655;9.48444129206838;611;sardegna
NU016B554;OROSEI RF;NA;40.3766657913060;9.67583425337010;64;sardegna
NU023B512;BOSA MARINA RF;NA;40.2908365800236;8.47749705523120;3;sardegna
NU034B536;MACOMER RF;NA;40.2608305795578;8.76500008378575;556;sardegna
NU043B537;MAMOIADA RF;NA;40.2102738443190;9.28527326235929;686;sardegna
NU048B525;FONNI RF;NA;40.1133334656033;9.25333712956928;1055;sardegna
NU051B527;URZULEI GENNA SILANA;NA;40.1591697350240;9.50916280440483;1013;sardegna
NU063B509;VILLAGRANDE BAU MANDARA;NA;39.9822243209777;9.42555824116481;863;sardegna
NU081B570;SADALI RF;NA;39.8124968431981;9.27610975606722;759;sardegna
NU085B531;JERZU RF;NA;39.7952760185704;9.51277662189506;576;sardegna
NU095B588;TERTENIA RF;NA;39.6883344144295;9.58166614578425;104;sardegna
NU098B518;ESCALAPLANO RF;NA;39.6202777464497;9.34500463427846;307;sardegna
OR005B581;SEDILO RF;NA;40.1711134791650;8.91360747666866;277;sardegna
OR009B501;ABBASANTA RF;NA;40.1305522206108;8.81389003514009;328;sardegna
OR025B616;DIGA CANTONIERA;NA;40.0111136505998;8.86083685799710;123;sardegna
OR026B510;BAULADU RF;NA;40.0238847687580;8.67111228146474;38;sardegna
OR027B568;SAN VERO MILIS PUTZUIDU;NA;40.0369429152031;8.39471804006698;7;sardegna
OR036B521;FLUMINEDDU A ALLAI RF;NA;39.9575008103612;8.85722248797421;65;sardegna
OR039B571;SAMUGHEO RF;NA;39.9500012670808;8.93333093523380;420;sardegna
OR057B592;VILLA VERDE RF;NA;39.7872244664852;8.82083310205280;249;sardegna
SS005B502;AGLIENTU RF;NA;41.0833334620396;9.11222026571065;431;sardegna
SS025B563;PORTO TORRES ANDRIOLU;NA;40.8222243936803;8.40832932410684;24;sardegna
SS026B517;PERFUGAS RF;NA;40.8608311521902;8.95888615556012;116;sardegna
SS033B541;MARTIS RF;NA;40.7741686598937;8.80193855541594;341;sardegna
SS035B558;OSILO RF;NA;40.7372245552043;8.67805898762409;693;sardegna
SS037B580;SASSARI RF;NA;40.7155574970458;8.59471787140158;364;sardegna
SS038B556;OSCHIRI RF;NA;40.7261149573568;9.10250008937030;252;sardegna
SS046B503;ALA' DEI SARDI RF;NA;40.6458332822673;9.32444643878896;665;sardegna
SS050B505;ARDARA FS;NA;40.6319405922083;8.81916252196964;244;sardegna
SS053B606;DIGA MONTE LERNO;NA;40.5900031830609;9.15028268678665;564;sardegna
SS054B613;DIGA SOS CANALES;NA;40.5536126530377;9.31360717258774;719;sardegna
SS060B597;DIGA BIDIGHINZU;NA;40.5563855731972;8.66333560751870;346;sardegna
SS066B590;TORRALBA RF;NA;40.5038856748877;8.76750582413704;409;sardegna
SS068B593;VILLANOVA MONTELEONE RF;NA;40.4994485797810;8.47083098055490;624;sardegna
SS081B564;POZZOMAGGIORE RF;NA;40.3955586842630;8.66416151800244;441;sardegna
SS086B589;TIRSO A RIFORNITORE TIRSO;NA;40.3258321567380;9.03472524725985;191;sardegna
SS087B585;STINTINO PUNTA DE S'AQUILA;NA;40.9397240421005;8.21305303429796;76;sardegna
NU009S249;BITTI RU;NA;40.4941855824078;9.34047172683562;777;sardegna
OR011S220;GHILARZA RU;NA;40.1082589566770;8.82316173766274;292;sardegna
SS013S261;VALLEDORIA RU;NA;40.9403858663727;8.83167666753418;1;sardegna
CA013B093;LUNAMATRONA;NA;39.6512897173844;8.89724022178264;162;sardegna
CA021B076;GONI;NA;39.5773682366065;9.28600311510816;377;sardegna
CA025B188;SEGARIU;NA;39.5629417312556;8.98280587078276;129;sardegna
CA026B079;GUASILA;NA;39.5622128689346;9.04648303185095;210;sardegna
CA030B175;S.GAVINO MONREALE;NA;39.5506797895478;8.79030821622970;51;sardegna
CA035B106;MONTEVECCHIO;NA;39.5571036126559;8.57052114232167;370;sardegna
CA038B170;S.NICOLO' GERREI;NA;39.4980303277078;9.30393741009904;365;sardegna
CA040B077;GONNOSFANADIGA;NA;39.4927995320915;8.66174342474110;190;sardegna
CA045B021;BARRALI;NA;39.4845097423027;9.09826960863191;132;sardegna
CA046B160;S.ANDREA FRIUS;NA;39.4785722721588;9.16851261182584;279;sardegna
CA047B108;MONTIMANNU (CASERMA);NA;39.3953999446248;8.66360787283690;350;sardegna
CA047B226;VILLACIDRO F.C.;NA;39.4630002353290;8.74209714329973;213;sardegna
CA049B421;CUILISEU;NA;39.3091837629253;9.47169927412238;143;sardegna
CA054B109;MURAVERA;NA;39.4240793192767;9.56293078621571;19;sardegna
CA067B113;NEBIDA;NA;39.3143708578456;8.43640664309125;0;sardegna
CA071B199;SILIQUA;NA;39.3012027037342;8.80694348905287;53;sardegna
CA072B192;SESTU (C.RA);NA;39.2964781637393;9.06602169948544;48;sardegna
CA073B050;CORONGIU;NA;39.3108464100845;9.28062328758127;126;sardegna
CA073B171;SA PIRA (CASERMA);NA;39.3095939821353;9.18620127085622;215;sardegna
CA078B229;VILLAMASSARGIA;NA;39.2758459120793;8.63994980316387;154;sardegna
CA079B016;BACU ABIS (FLUMENT.);NA;39.2424233762137;8.46595281093160;60;sardegna
CA081B063;FLUMINI DI QUARTU;NA;39.2189634132840;9.28743932964678;4;sardegna
CA085B112;"NARCAO";NA;39.1686294732740;8.67545642139799;127;sardegna
CA085B210;TERRASEU;NA;39.2041629137049;8.62537558921558;325;sardegna
CA088B119;NUXIS;NA;39.1532569313840;8.74438890602942;0;sardegna
CA090B046;CARLOFORTE;NA;39.1374059359339;8.31227794672092;18;sardegna
CA092B140;PALMAS SUERGIU;NA;39.0690298977095;8.55777362402034;12;sardegna
CA095B141;PANTALEO;NA;39.0902386915903;8.79780691887220;240;sardegna
CA099B422;MONTI NIEDDU;NA;39.1019355605609;8.90363995961442;267;sardegna
CA101B162;S.ANNA ARRESI;NA;39.0053350663107;8.64074762053222;58;sardegna
CA102B148;PISCINAMANNA;NA;38.9921630189455;8.91933147511757;255;sardegna
CA103B212;TEULADA;NA;38.9697115294852;8.77275431357502;50;sardegna
CA104B056;DOMUS DE MARIA;NA;38.9442608335118;8.86376592257040;84;sardegna
CA105B047;CASTIADAS;NA;39.2363252448222;9.49688781641023;167;sardegna
NU001B431;SUAREDDA;NA;40.7816629107138;9.65755914668636;2;sardegna
NU002B035;BUDONI (C.RA);NA;40.7103567647864;9.69804362993199;20;sardegna
NU004B216;TORPE';NA;40.6276954866781;9.67649022735894;24;sardegna
NU005B091;LODE';NA;40.5913004285211;9.53951195557366;345;sardegna
NU015B068;GALTELLI';NA;40.3871859784262;9.61493311805867;40;sardegna
NU021B197;SIG.MARTA (C.RA);NA;40.3242804645782;9.13551951186112;343;sardegna
NU024B058;DORGALI;NA;40.2907868542896;9.58911653554101;387;sardegna
NU025B198;SILANUS;NA;40.2905141542168;8.88145445641191;439;sardegna
NU030B121;OLIENA;NA;40.2753634567089;9.40431235295357;378;sardegna
NU038B134;OTTANA;NA;40.2347988606709;9.04270770541368;185;sardegna
NU041B115;NORAGUGUME;NA;40.2256791497758;8.91941515364472;288;sardegna
NU042B031;BORORE (CABINA);NA;40.2214115057173;8.81281892950904;410;sardegna
NU044B105;MONTES;NA;40.1234979324166;9.39449174034701;1060;sardegna
NU044B124;ORGOSOLO;NA;40.2045347512890;9.35383531262167;591;sardegna
NU045B433;BENZONE (DIGA);NA;40.1452312068664;9.05278321804033;165;sardegna
NU047B069;GAVOI;NA;40.1590562883727;9.19296313543720;777;sardegna
NU052B015;AUSTIS;NA;40.0715190391880;9.08928049446836;737;sardegna
NU054B205;TALANA;NA;40.0411171653936;9.49670217631850;682;sardegna
NU058B202;SORGONO;NA;40.0271781916230;9.10480996453476;687;sardegna
NU059B215;TONARA;NA;40.0266427707390;9.17512722598279;938;sardegna
NU060B054;DESULO;NA;40.0146545650631;9.22970070208550;920;sardegna
NU063B025;BAU MUGGERIS;NA;39.9540028881147;9.42629644352066;820;sardegna
NU063B172;SA TEULA CENTRALE;NA;39.9620887023690;9.53991991480306;251;sardegna
NU063B227;VILLAGRANDE;NA;39.9613383626128;9.50654495015802;679;sardegna
NU067B101;MEANASARDO;NA;39.9453034018225;9.07284516401143;585;sardegna
NU069B014;ARZANA;NA;39.9176345816567;9.52810367156140;674;sardegna
NU074B195;SEULO;NA;39.8705753684695;9.23529981301838;797;sardegna
NU076B180;SANTA SOFIA;NA;39.8673148051620;9.13227757737282;825;sardegna
NU077B067;GAIRO TASQUISARA;NA;39.8567275160940;9.46497463099050;784;sardegna
NU079B194;SEUI F.C.;NA;39.8372888763390;9.32611424115076;812;sardegna
NU084B072;GENONI;NA;39.7937777223620;9.00774388634580;447;sardegna
NU085B070;GENNA CRESIA (C.RA);NA;39.7835409613355;9.55288602714283;272;sardegna
NU087B060;ESTERZILI F.C.;NA;39.7888125752477;9.25499247937069;698;sardegna
NU088B231;VILLANOVATULO;NA;39.7624967054546;9.21344997243320;347;sardegna
NU090B049;COL.PENALE SARCIDANO;NA;39.8099059996425;9.14466807046326;699;sardegna
NU090B084;IS ACQUAS;NA;39.7620049089458;9.11538104837031;450;sardegna
NU091B118;NURRI F.C.;NA;39.7212896532671;9.22942446323926;557;sardegna
NU093B073;GERGEI;NA;39.6997579588596;9.10069707374144;374;sardegna
OR001B219;TRESNURAGHES F.C.;NA;40.2568033913772;8.52438426111756;263;sardegna
OR004B052;CUGLIERI;NA;40.1902141211693;8.56784641369831;484;sardegna
OR004B207;TEGA (C.RA);NA;40.1542795002781;8.52521767715634;241;sardegna
OR007B183;SANTULUSSURGIU;NA;40.1423881818123;8.65243923211033;557;sardegna
OR018B142;PAULILATINO;NA;40.0831148799478;8.76358306197017;280;sardegna
OR025B037;BUSACHI;NA;40.0325850591847;8.89631866767797;379;sardegna
OR030B156;RIOLA;NA;39.9964008054045;8.54013585806996;9;sardegna
OR038B181;SANTA VITTORIA;NA;39.9666522907402;8.73728725322262;22;sardegna
OR042B200;SIMAXIS;NA;39.9305855867121;8.68979290578253;17;sardegna
OR046B125;ORISTANO;NA;39.9024799232427;8.60288310303312;12;sardegna
OR048B179;S.GIUSTA;NA;39.8746584444104;8.60853965424709;10;sardegna
OR051B102;MOGORELLA;NA;39.8656820638284;8.85845360598737;299;sardegna
OR060B080;IDROVORA SASSU;NA;39.8256197368024;8.57598210900516;5;sardegna
OR061B005;ALES;NA;39.7650780719748;8.82118239522515;167;sardegna
OR069B019;BARADILI F.C.;NA;39.7193981026256;8.89678918981209;158;sardegna
OR073B221;URAS FF.SS.;NA;39.6992405961195;8.70261189381024;20;sardegna
OR077B103;MOGORO;NA;39.6831107583350;8.77859668766875;134;sardegna
SS003B139;PALAU;NA;41.1815157280821;9.38288805678963;5;sardegna
SS012B002;AGGIUS;NA;40.9290952476431;9.06429382807863;514;sardegna
SS013B169;S.MARIA COGHINAS;NA;40.9108617283826;8.88783436292250;10;sardegna
SS014B120;OLBIA;NA;40.9237618623670;9.50764549488984;15;sardegna
SS014B176;S.PANTALEO;NA;41.0471643575792;9.46742282028348;169;sardegna
SS015B041;CALANGIANUS;NA;40.9198598993440;9.18897113398787;490;sardegna
SS018B022;BASSACUTENA;NA;41.1097018609676;9.26122539713684;69;sardegna
SS022B165;S.GIOVANNI COGHINAS;NA;40.8827329253713;8.75636925169729;210;sardegna
SS022B187;SEDINI;NA;40.8509555382325;8.81722779650647;320;sardegna
SS028B236;ZUIGHE;NA;40.7573780378767;9.36681996068182;520;sardegna
SS038B038;CADDAU (C.RA);NA;40.8263898089535;9.09147098113764;570;sardegna
SS042B045;CARGEGHE;NA;40.6691206873318;8.61398850330724;334;sardegna
SS044B149;PLOAGHE;NA;40.6642610577817;8.74580866658076;420;sardegna
SS046B100;MAZZINAIU (C.RA);NA;40.7096172422583;9.37152993707092;617;sardegna
SS049B222;URI;NA;40.6358525808663;8.49107682133829;150;sardegna
SS051B087;ITTIRI;NA;40.5948185344400;8.56879764073715;392;sardegna
SS052B135;OZIERI;NA;40.5844523183606;9.00346223123980;390;sardegna
SS054B034;BUDDUSO';NA;40.5780351218748;9.25938245386289;690;sardegna
SS054B137;PADRU;NA;40.7663323880502;9.52137480969009;165;sardegna
SS059B061;FERTILIA;NA;40.5947286701585;8.28693404264485;10;sardegna
SS059B159;RUDAS (C.RA);NA;40.6103594124420;8.38074428350646;34;sardegna
SS062B086;ITTIREDDU;NA;40.5457641509704;8.90391639397414;410;sardegna
SS069B424;ROMANA;NA;40.4879565094344;8.60193095077563;268;sardegna
SS077B030;BONORVA;NA;40.4186349169172;8.76854214807337;479;sardegna
SS077B168;S.LUCIA DI BONORVA;NA;40.4228125434696;8.84185010394273;360;sardegna
SS083B033;BOTTIDA F.C.;NA;40.3867032119616;9.01205284331282;358;sardegna
SS086B083;ILLORAI;NA;40.3528291494436;8.99932877009578;503;sardegna
13949;CATTOLICA  ERACLEA;1760;37.748333;13.600611;676;sicilia
11804;Lentina;191010;38.052187;12.674973;113;sicilia
11805;Trapani;191030;38.013603;12.506774;2;sicilia
11806;Castellammare del Golfo;191040;38.020576;12.885201;61;sicilia
11807;San Vito Lo Capo;191050;38.187465;12.732357;9;sicilia
11809;Borgo Fazio;191080;37.856130;12.663609;176;sicilia
11810;Birgi Nuovo;191100;37.883963;12.495327;21;sicilia
11811;Ciavolo;191110;37.759824;12.550884;98;sicilia
11812;Marsala;191120;37.810158;12.456187;5;sicilia
11813;Mazara del Vallo;191140;37.656656;12.599055;8;sicilia
11814;Salemi;191150;37.828797;12.805670;327;sicilia
11815;Diga TrinitÃ ;191160;37.691296;12.752419;138;sicilia
11817;Castelvetrano;191190;37.691017;12.800031;174;sicilia
11819;Corleone;191270;37.814435;13.301266;629;sicilia
11820;Montalbano Elicona;19130;38.022565;15.016871;946;sicilia
11821;Roccamena;191300;37.833963;13.153068;471;sicilia
11823;Diga Arancio;191370;37.625709;13.061259;184;sicilia
11825;Sciacca;191400;37.511873;13.126871;110;sicilia
11827;Piano del Leone;191420;37.670792;13.465549;876;sicilia
11828;Palazzo Adriano;191430;37.685958;13.378685;620;sicilia
11829;Bisacquino;191455;37.698209;13.257793;590;sicilia
11831;Diga Castello;191475;37.580671;13.408301;264;sicilia
11832;Bivona;191480;37.619140;13.438949;554;sicilia
11834;San Piero Patti;19150;38.053870;14.965536;384;sicilia
11835;Diga Platani (Fanaco);191520;37.670208;13.552996;667;sicilia
11837;Santa Caterina Villarmosa;191600;37.587764;14.029313;606;sicilia
11839;Vallelunga;191660;37.678670;13.834319;472;sicilia
11840;Mussomeli;191680;37.583624;13.754307;821;sicilia
11841;Racalmuto;191700;37.409678;13.729697;419;sicilia
11842;Cattolica  Eraclea;191760;37.440389;13.396481;197;sicilia
11843;Agrigento;191810;37.303537;13.588111;212;sicilia
11845;CanicattÃ¬;191840;37.357789;13.849812;456;sicilia
11846;Petralia Sottana;191860;37.818103;14.093591;1025;sicilia
11848;Alimena;191900;37.705657;14.120925;798;sicilia
11853;Pietraperzia;192040;37.420458;14.137957;456;sicilia
11855;Cambobello di Licata;192180;37.264901;13.918287;312;sicilia
11857;Tortorici;19220;38.030117;14.824671;590;sicilia
11858;Licata;192200;37.098433;13.932402;48;sicilia
11859;Butera;192220;37.187795;14.184211;252;sicilia
11861;Gela;192240;37.063464;14.251353;23;sicilia
11862;Piazza  Armerina;192250;37.388265;14.369765;708;sicilia
11863;Dissueri Diga;192260;37.190185;14.289906;165;sicilia
11864;Chiaramonte Gulfi;192300;37.028439;14.703078;673;sicilia
11865;Ragoleto Diga;192310;37.126438;14.681745;353;sicilia
11867;Ragusa;192370;36.922496;14.723773;532;sicilia
11868;Modica;192380;36.858803;14.761858;382;sicilia
11869;Ispica;192410;36.784694;14.915745;124;sicilia
11870;Castelluccio;192440;36.932496;14.916855;180;sicilia
11871;Palazzolo Acreide;192470;37.060965;14.899688;633;sicilia
11874;Lentini cittÃ ;192580;37.290823;14.998246;40;sicilia
11876;Bronte;192790;37.785136;14.832840;737;sicilia
11877;Nicosia;192800;37.746825;14.396684;673;sicilia
11882;Caltagirone;193050;37.239686;14.517966;428;sicilia
11883;Mineo;193060;37.264436;14.690246;459;sicilia
11886;Zafferana Etnea;193110;37.694213;15.105789;590;sicilia
11887;Linguaglossa;193120;37.839333;15.144488;512;sicilia
11888;Acireale;193150;37.620461;15.165228;184;sicilia
11891;Floresta;193210;37.986395;14.908035;1266;sicilia
11892;Randazzo;193250;37.876891;14.945065;759;sicilia
11897;Santo Stefano di Briga;193360;38.099023;15.480576;219;sicilia
11898;Messina Istituto Geofisico;193380;38.200472;15.554106;31;sicilia
11924;Castelbuono;19430;37.929744;14.089174;390;sicilia
11926;CefalÃ¹;19470;38.033856;14.016339;58;sicilia
11929;Scillato;19520;37.862158;13.914364;425;sicilia
11930;Alia;19550;37.776600;13.713416;698;sicilia
11932;Vicari;19600;37.827546;13.569884;546;sicilia
11933;Ciminna;19660;37.891796;13.559357;467;sicilia
11935;Castroreale;1970;38.098210;15.211153;300;sicilia
11939;San Martino delle Scale;19840;38.089348;13.253264;558;sicilia
11940;Partinico;19850;38.055300;13.127707;180;sicilia
11942;Palermo Osservatorio Astronomico;19880;38.109161;13.350685;27;sicilia
13763;CASTROREALE;70;38.099306;15.211806;300;sicilia
13769;MONTALBANO ELICONA;130;38.023667;15.017528;946;sicilia
13771;S.PIERO PATTI;150;38.054972;14.966194;384;sicilia
13779;TORTORICI;220;38.031222;14.825333;590;sicilia
13785;S.AGATA DI MILITELLO;290;38.064167;14.633083;87;sicilia
13801;CASTELBUONO;430;37.930861;14.089861;390;sicilia
13806;CEFALU';470;38.034972;14.017028;58;sicilia
13813;SCILLATO;520;37.863278;13.915056;425;sicilia
13815;ALIA;550;37.777722;13.714111;698;sicilia
13821;VICARI;600;37.828667;13.570583;546;sicilia
13826;SAMBUCHI;640;37.871250;13.638889;524;sicilia
13828;CIMINNA;660;37.892917;13.560056;467;sicilia
13834;DIGA SCANZANO;715;37.925028;13.371306;532;sicilia
13852;PALERMO OSS. ASTRON.;880;38.110278;13.351389;27;sicilia
13862;PIANO PIRAINO;965;37.932333;13.161056;278;sicilia
13869;LENTINA;1010;38.053306;12.675694;113;sicilia
13871;TRAPANI;1030;38.014722;12.507500;2;sicilia
13872;CASTELLAMMARE DEL G.;1040;38.021694;12.885917;61;sicilia
13873;SAN VITO LO CAPO;1050;38.188583;12.733083;3;sicilia
13875;DIGA RUBINO;1070;37.882944;12.718083;195;sicilia
13876;BORGO FAZIO;1080;37.857250;12.664333;176;sicilia
13879;BIRGI NUOVO;1100;37.885083;12.496056;21;sicilia
13880;CIAVOLO;1110;37.760944;12.551611;98;sicilia
13881;MARSALA;1120;37.811278;12.456917;5;sicilia
13883;MAZARA DEL VALLO;1140;37.657778;12.599778;11;sicilia
13884;SALEMI;1150;37.829917;12.806389;327;sicilia
13885;DIGA TRINITA';1160;37.692417;12.753139;78;sicilia
13889;CASTELVETRANO;1190;37.692139;12.800750;202;sicilia
13897;CORLEONE;1270;37.815556;13.301972;629;sicilia
13899;ROCCAMENA;1300;37.835083;13.153778;471;sicilia
13905;DIGA ARANCIO;1370;37.626833;13.061972;184;sicilia
13907;SCIACCA;1400;37.513000;13.127583;110;sicilia
13909;PIANO DEL LEONE;1420;37.671917;13.466250;876;sicilia
13910;PALAZZO ADRIANO;1430;37.687083;13.379389;620;sicilia
13914;BISACQUINO;1455;37.699333;13.258500;614;sicilia
13918;DIGA CASTELLO;1475;37.581861;13.408944;264;sicilia
13919;BIVONA;1480;37.620444;13.439889;554;sicilia
13922;CARCARAZZA;1515;37.670361;13.628861;423;sicilia
13923;DIGA PLATANI;1520;37.671333;13.553694;667;sicilia
13931;FAVARELLA;1590;37.458000;13.981306;483;sicilia
13932;S.CATERINA VILLARMOSA;1600;37.588889;14.030000;606;sicilia
13938;VALLELUNGA;1660;37.691667;13.721944;640;sicilia
13940;MUSSOMELI;1680;37.584750;13.755000;821;sicilia
13953;AGRIGENTO;1810;37.304667;13.588806;212;sicilia
13959;PETRALIA SOTTANA;1860;37.819222;14.094278;1025;sicilia
13963;ALIMENA;1900;37.706778;14.121611;798;sicilia
13969;ENNA;1960;37.568944;14.273167;804;sicilia
13972;VILLAPRIOLO;1980;37.630583;14.195139;511;sicilia
13980;PIETRAPERZIA;2040;37.421583;14.138639;456;sicilia
13990;GIBBESI  DIGA;2140;37.307611;13.987472;221;sicilia
13994;CAMBOBELLO DI LICATA;2180;37.266028;13.918972;312;sicilia
13996;LICATA;2200;37.099556;13.933083;15;sicilia
13998;BUTERA;2220;37.188917;14.184889;252;sicilia
14000;GELA;2240;37.064583;14.252028;23;sicilia
14001;PIAZZA  ARMERINA;2250;37.389389;14.370444;708;sicilia
14002;DISSUERI DIGA;2260;37.191306;14.290583;165;sicilia
14007;CHIARAMONTE GULFI;2300;37.029556;14.703750;673;sicilia
14008;RAGOLETO  DIGA;2310;37.127556;14.682417;353;sicilia
14014;RAGUSA;2370;36.923611;14.724444;532;sicilia
14016;MODICA;2380;36.859917;14.762528;382;sicilia
14019;ISPICA;2410;36.785806;14.916417;103;sicilia
14025;CANICATTINI  BAGNI;2460;37.036333;15.060806;341;sicilia
14026;PALAZZOLO ACREIDE;2470;37.062083;14.900361;633;sicilia
14038;LENTINI CITTA';2580;37.291944;14.998917;34;sicilia
14061;BRONTE;2790;37.786250;14.833500;833;sicilia
14063;NICOSIA;2800;37.747944;14.397361;673;sicilia
14089;CALTAGIRONE;3050;37.240806;14.518639;428;sicilia
14090;MINEO;3060;37.265556;14.690917;459;sicilia
14094;ZAFFERANA ETNEA;3110;37.695333;15.106444;590;sicilia
14095;LINGUAGLOSSA;3120;37.840444;15.145139;512;sicilia
14098;ACIREALE;3150;37.621583;15.165889;184;sicilia
14104;FLORESTA;3210;37.987500;14.908694;1266;sicilia
14111;FRANCAVILLA DI SICILIA;3280;37.907278;15.145361;263;sicilia
14119;S.STEFANO DI BRIGA;3360;38.100111;15.481222;158;sicilia
14121;MESSINA IST.GEOFISICO;3380;38.201556;15.554750;31;sicilia
4;Vallucciole;TOS01000571;43.842022;11.657476;750;toscana
5;Montemignaio;TOS01000591;43.740236;11.620676;742;toscana
6;Ortignano;TOS01000601;43.681925;11.751541;428;toscana
8;Badia Prataglia;TOS01000621;43.794200;11.876816;935;toscana
9;Bibbiena;TOS01000626;43.714149;11.830949;397;toscana
10;La Verna;TOS01000639;43.706911;11.931335;1053;toscana
11;Salutio;TOS01000651;43.621303;11.815369;335;toscana
12;Capezzine;TOS01000701;43.182868;11.932118;324;toscana
13;Bettolle;TOS01000721;43.202908;11.803501;281;toscana
14;Monte S.Savino;TOS01000741;43.339127;11.742346;283;toscana
15;Cortona;TOS01000751;43.268995;11.996448;485;toscana
16;Castiglion Fiorentino;TOS01000761;43.342826;11.928964;281;toscana
17;Arezzo;TOS01000771;43.471577;11.892850;291;toscana
19;Badia Agnano;TOS01000811;43.436499;11.649081;265;toscana
20;Nusenna in Chianti;TOS01000831;43.450240;11.531117;479;toscana
23;Pian di Sco';TOS01000881;43.649965;11.555150;470;toscana
24;Il Palagio;TOS01000891;43.614937;11.429856;293;toscana
25;Vallombrosa;TOS01000901;43.731367;11.556821;1050;toscana
26;Cavallina;TOS01000911;43.983567;11.237420;255;toscana
27;Monte di Fo';TOS01000916;44.079632;11.280845;792;toscana
31;Ponte a Olmo;TOS01000931;44.049072;11.304384;506;toscana
32;Vaglia;TOS01000941;43.912891;11.280048;304;toscana
33;S. Agata di Mugello;TOS01000961;44.021705;11.335310;337;toscana
34;Razzuolo;TOS01000979;44.031584;11.467726;775;toscana
35;Ronta;TOS01000991;44.009048;11.436408;457;toscana
36;Borgo S. Lorenzo;TOS01000999;43.957877;11.390510;194;toscana
37;Villore;TOS01001011;43.966733;11.546251;513;toscana
38;Dicomano;TOS01001029;43.892594;11.527900;293;toscana
39;Consuma;TOS01001041;43.784466;11.585201;908;toscana
40;S. Brigida all'Opaco;TOS01001059;43.854377;11.398380;463;toscana
41;Firenze Genio Civile;TOS01001095;43.779406;11.258303;51;toscana
46;Ferrone;TOS01001129;43.655384;11.259984;188;toscana
50;Cantagallo;TOS01001151;44.023971;11.083228;494;toscana
52;Vernio;TOS01001171;44.047470;11.156912;316;toscana
54;Le Croci Calenzano;TOS01001189;43.946505;11.214416;416;toscana
55;Prato Universita';TOS01001205;43.885556;11.099213;64;toscana
64;Radda in Chianti;TOS01001284;43.486026;11.379111;464;toscana
68;Simignano;TOS01001379;43.293748;11.168881;453;toscana
70;S. Gimignano;TOS01001419;43.472290;11.042352;226;toscana
72;S. Miniato (Cimitero);TOS01001491;43.684031;10.831479;42;toscana
74;Serra Pistoiese;TOS01001561;43.975617;10.759750;700;toscana
75;Montecatini Terme;TOS01001601;43.896797;10.773986;120;toscana
76;Castelmartini;TOS01001629;43.817839;10.829129;22;toscana
78;Volterra;TOS01001664;43.408995;10.862233;372;toscana
79;La Madonnina;TOS01001679;43.455625;10.909972;271;toscana
80;Orciatico;TOS01001711;43.435585;10.723384;276;toscana
82;Casciana Terme;TOS01001781;43.526575;10.618437;97;toscana
84;Coltano;TOS01001831;43.639594;10.391303;4;toscana
91;Miemo;TOS01002011;43.410186;10.670702;440;toscana
96;Montecatini V. Cecina;TOS01002131;43.387148;10.743084;344;toscana
98;Canneto;TOS01002171;43.202337;10.739307;310;toscana
101;Riparbella;TOS01002231;43.367253;10.603037;241;toscana
106;Monterotondo;TOS01002371;43.150218;10.858556;605;toscana
117;Montevarchi;TOS01004571;43.542615;11.567136;145;toscana
121;S. Piero a Sieve-Sieve;TOS01004621;43.966990;11.329263;216;toscana
137;Calenzano;TOS01004784;43.870227;11.156618;67;toscana
144;Montespertoli;TOS01004915;43.618974;11.133471;263;toscana
148;Certaldo;TOS01004967;43.546531;11.035636;74;toscana
149;Castelfiorentino;TOS01004971;43.604146;10.970410;66;toscana
153;Fornacino;TOS01005005;43.633007;10.850613;66;toscana
160;Pontedera;TOS01005181;43.665334;10.631241;17;toscana
162;S. Giovanni alla Vena valle;TOS01005191;43.684400;10.585252;13;toscana
169;Puretta;TOS01005373;43.304665;10.930118;142;toscana
181;Vecchia SS Aurelia;TOS01005489;43.020657;10.614934;14;toscana
191;Livorno Mareografo;TOS01005981;43.546256;10.299632;2;toscana
198;Retignano;TOS02000079;44.005026;10.271503;372;toscana
206;Capanne di Sillano;TOS02000161;44.258034;10.309084;1257;toscana
210;Villacollemandina;TOS02000203;44.160529;10.386305;535;toscana
214;Campagrina;TOS02000241;44.059003;10.259342;1020;toscana
216;Fornovolasco;TOS02000281;44.028957;10.360547;539;toscana
217;Gallicano;TOS02000299;44.063030;10.439640;194;toscana
221;Boscolungo;TOS02000351;44.139094;10.673540;1374;toscana
222;Melo;TOS02000359;44.131362;10.743544;1088;toscana
225;Selva dei Porci;TOS02000401;44.077198;10.813551;923;toscana
226;Monte Oppio;TOS02000421;44.042468;10.836892;835;toscana
227;S. Marcello Pistoiese;TOS02000431;44.055275;10.788086;610;toscana
228;Prunetta;TOS02000441;44.008489;10.803970;1012;toscana
239;Ponte Tavole;TOS02004045;43.972565;10.184830;7;toscana
241;Camaiore;TOS02004059;43.927626;10.275355;94;toscana
242;Torre del Lago;TOS02004081;43.832462;10.307692;2;toscana
244;Viareggio 1;TOS02004091;43.867634;10.259289;2;toscana
250;Casotti di Cutigliano;TOS02004215;44.098219;10.751581;640;toscana
253;Borgo a Mozzano;TOS02004271;43.979877;10.551510;245;toscana
254;Piaggione;TOS02004284;43.929399;10.514410;156;toscana
255;Mutigliano;TOS02004286;43.881763;10.484186;40;toscana
258;Ripafratta;TOS02004311;43.821073;10.414922;19;toscana
261;Vecchiano;TOS02004365;43.780526;10.398898;14;toscana
289;Ponte Tura;TOS03002961;42.764698;11.166253;16;toscana
291;Roccalbegna;TOS03003019;42.788562;11.511635;600;toscana
292;Capanne;TOS03003041;42.685646;11.543856;399;toscana
294;Torricelle;TOS03003063;42.642219;11.425443;158;toscana
295;Scansano;TOS03003071;42.689651;11.341806;412;toscana
298;S. Donato;TOS03003099;42.533730;11.230903;11;toscana
349;Pontremoli depuratore;TOS09001080;44.369246;9.883168;290;toscana
359;Minucciano;TOS09001210;44.172257;10.209776;766;toscana
374;Massa;TOS10000062;44.034082;10.141306;51;toscana
382;Camaiore I Frati;TOS10000115;43.938301;10.294074;37;toscana
408;Villacollemandina;TOS10000200;44.161529;10.387754;535;toscana
464;Lucca (Orto Botanico);TOS10000511;43.841806;10.510888;17;toscana
507;Chianciano S. Elena;TOS10000681;43.056605;11.821942;462;toscana
772;Castelnuovo Misericordia;TOS10002010;43.411142;10.665443;347;toscana
21;Villa dell'Olio;TOS01000861;43.591795;11.604733;380;toscana
28;Mangona;TOS01000921;44.051395;11.197975;552;toscana
30;Le Croci (Barberino);TOS01000926;44.009686;11.271917;387;toscana
42;Firenze Universita';TOS01001096;43.798788;11.251140;86;toscana
43;Cercina;TOS01001102;43.844258;11.261496;349;toscana
44;Caldine;TOS01001103;43.845709;11.340546;469;toscana
57;S. Giusto;TOS01001215;43.759952;11.193765;39;toscana
58;Case Passerini;TOS01001225;43.814406;11.177460;35;toscana
60;Montagnana;TOS01001253;43.953666;10.823039;369;toscana
61;Baggio;TOS01001263;43.991240;10.964162;418;toscana
71;Poggio Aglione;TOS01001445;43.531901;10.922167;425;toscana
77;S. Baronto;TOS01001634;43.835141;10.939066;338;toscana
90;Valle Benedetta;TOS01001961;43.517376;10.406518;285;toscana
119;Incisa Valle;TOS01004591;43.691696;11.456679;111;toscana
133;Strada in Chianti;TOS01004725;43.665899;11.315771;160;toscana
135;Vaiano Gamberame;TOS01004779;43.924691;11.128141;175;toscana
141;Pontelungo;TOS01004837;43.922766;10.893629;65;toscana
145;Turbone;TOS01004921;43.718586;11.035944;74;toscana
146;Empoli;TOS01004941;43.725925;10.947135;31;toscana
147;Poggibonsi;TOS01004965;43.471620;11.129404;97;toscana
155;Molino d'Era;TOS01005115;43.457309;10.829027;114;toscana
156;Capannoli;TOS01005131;43.582027;10.687166;34;toscana
164;Bocca d'Arno;TOS01005251;43.680668;10.280322;1;toscana
166;Stagno;TOS01005342;43.600020;10.352125;4;toscana
195;Pomezzana;TOS02000075;43.985157;10.314746;476;toscana
196;Cardoso;TOS02000077;44.009785;10.318978;489;toscana
200;Azzano;TOS02000083;44.023600;10.228438;518;toscana
202;Cerreto;TOS02000088;44.031856;10.173198;437;toscana
205;Passo Pradarena;TOS02000155;44.285808;10.300464;1550;toscana
207;Monte Castellino;TOS02000171;44.259698;10.381856;1725;toscana
208;Orto di Donna;TOS02000177;44.134767;10.197383;1134;toscana
215;Monte Romecchio;TOS02000275;44.155531;10.526874;1576;toscana
219;Fabbriche Vallico;TOS02000332;43.996640;10.427420;433;toscana
223;Croce Arcana;TOS02000372;44.131916;10.778274;1663;toscana
229;Convalle;TOS02000483;43.937471;10.417144;353;toscana
247;Ponte di Campia;TOS02004165;44.090525;10.453248;238;toscana
248;Calavorno;TOS02004195;44.021363;10.531037;141;toscana
251;Ponte di Lucchio;TOS02004231;44.045525;10.717994;482;toscana
252;Chifenti;TOS02004255;44.007322;10.563969;157;toscana
257;Ponte Guido;TOS02004305;43.859119;10.436814;30;toscana
259;Pontetetto;TOS02004315;43.823430;10.494269;14;toscana
262;Bocca di Serchio;TOS02004369;43.781265;10.269991;2;toscana
379;Pietrasanta;TOS10000090;43.940940;10.237099;6;toscana
416;Isola Santa;TOS10000250;44.067086;10.315370;828;toscana
469;Asciano Pisano;TOS10000530;43.752416;10.473658;183;toscana
686;Fattoria Scaletta;TOS10001500;43.709147;10.831991;19;toscana
767;Casacce;TOS10001990;43.445459;10.508943;49;toscana
827;Populonia;TOS10002300;42.990162;10.490456;127;toscana
860;Roccastrada;TOS10002530;43.011494;11.169470;430;toscana
867;Acquisti;TOS10002580;42.848331;11.060416;5;toscana
927;La Foce;TOS10002860;43.017539;11.780613;570;toscana
929;Pienza (Madonnina);TOS10002880;43.079112;11.679479;455;toscana
6510;Levico (Terme);10;46.010585;11.304882;502;trentino
6541;Pezze' di Moena (Diga);96;46.383662;11.664561;1205;trentino
6561;Trento (Roncafort);135;46.095667;11.101279;194;trentino
6630;Arco (Arboreto);322;45.922291;10.883014;115;trentino
6638;Passo Tonale T0360;360;46.261915;10.635572;1880;trentino
6639;Pejo Frana;366;46.364472;10.678177;1580;trentino
6640;Cavalese (meteotrentino);367;46.284762;11.451794;958;trentino
6644;Malga Bissina;373;46.053933;10.514022;1750;trentino
6509;Centa;9;45.970184;11.234123;815;trentino
6511;Pontarso;14;46.115589;11.494414;925;trentino
6512;Bieno;15;46.079537;11.553742;806;trentino
6516;Passo Cereda;24;46.194016;11.906843;1375;trentino
6520;Canal San Bovo;30;46.149827;11.734690;757;trentino
6521;Lavarone;32;45.939893;11.254037;1155;trentino
6528;Mezzana;71;46.313429;10.795807;905;trentino
6529;Male';74;46.355098;10.916104;735;trentino
6533;Passo Mendola;82;46.419238;11.189417;1320;trentino
6539;Pian Fedaia (Diga);92;46.461795;11.862414;2040;trentino
6543;Paganella;99;46.143291;11.037444;2125;trentino
6544;Zambana;101;46.156372;11.079707;201;trentino
6546;Passo Rolle;103;46.297214;11.787638;1995;trentino
6547;Passo Valles;104;46.338417;11.799764;2032;trentino
6564;Sant'Orsola;139;46.107105;11.302200;930;trentino
6569;Aldeno;146;45.967849;11.091715;182;trentino
6570;Rovereto;147;45.896097;11.043954;203;trentino
6571;Terragnolo (Piazza);148;45.879596;11.150991;800;trentino
6576;Ronchi di Ala;153;45.739264;11.065345;692;trentino
6590;Pinzolo;175;46.156746;10.757755;755;trentino
6591;Torrente Arno';177;46.032072;10.640512;1148;trentino
6594;Montagne;182;46.059134;10.751656;955;trentino
6598;Santa Massenza (Centrale);189;46.065821;10.980894;245;trentino
6601;Torbole;193;45.881852;10.882485;70;trentino
6602;Tenno;200;45.919256;10.831122;428;trentino
6607;Folgaria;210;45.914087;11.171420;1140;trentino
6609;Spormaggiore;212;46.212402;11.047544;655;trentino
6615;Romeno;236;46.390724;11.118834;958;trentino
6637;Passo Brocon;355;46.116488;11.659658;1560;trentino
6642;Passo Sommo - Folgaria;369;45.918907;11.206388;1360;trentino
3539;Perugia_santa_giuliana;3539;43.105;12.387;412;umbria
1482;Perugia_sede;1482;43.106;12.376;352;umbria
811;Azzano;811;42.812;12.757;235;umbria
270;Bastia_umbra;270;43.054;12.561;204;umbria
3545;Cannara;3545;42.996;12.584;190;umbria
1480;Carestello;1480;43.286;12.534;494;umbria
792;Casa_castalda;792;43.180;12.659;663;umbria
795;Casigliano;795;42.716;12.496;264;umbria
1653;Cerbara;1653;43.509;12.218;318;umbria
775;Collepepe;775;42.930;12.406;175;umbria
797;Forsivo;797;42.799;13.014;792;umbria
301;Gubbio;301;43.341;12.563;449;umbria
1683;Monte_cucco;1683;43.375;12.729;1155;umbria
748;Passignano;748;43.187;12.142;308;umbria
266;Petrelle;266;43.350;12.160;400;umbria
738;Petrignano_del_lago_-_sp_302;738;43.161;11.953;301;umbria
1522;Piediluco;1522;42.534;12.767;389;umbria
253;Ponticelli;253;42.932;11.969;249;umbria
798;Ripalvella;798;42.843;12.300;453;umbria
794;San_benedetto_vecchio;794;43.437;12.464;679;umbria
793;San_biagio_della_valle;793;43.017;12.280;237;umbria
799;San_silvestro;799;42.756;12.674;369;umbria
268;Todi;268;42.787;12.410;211;umbria
1682;Vallo_di_nera;1682;42.757;12.860;414;umbria
26;Gressoney-la-Trinité - Eselbode;1270;45.8306;7.82587;1642;valledaosta
44;Pontboset - Fournier;1470;45.6046;7.67989;1087;valledaosta
60;Valsavarenche - Eaux-Rousses;1650;45.5668;7.20835;1651;valledaosta
83;Rhêmes-Notre-Dame - Chaudanne;3060;45.5604;7.11374;1794;valledaosta
5675;Arabba;00003;46.49926;11.87637;1653;veneto
5677;Caprile;00009;46.43977;11.99027;1076;veneto
5678;Malga Ciapela;00011;46.42785;11.90510;1501;veneto
5679;Gares (Canale d'Agordo);00015;46.31246;11.88295;1392;veneto
5680;Agordo;00019;46.27609;12.03251;588;veneto
5681;S. Andrea (Gosaldo);00021;46.22896;11.95784;1279;veneto
5682;S. Antonio di Tortal;00022;46.04768;12.15469;568;veneto
5683;Sospirolo;00025;46.14025;12.07977;363;veneto
5687;Podestagno;00048;46.59290;12.11253;1433;veneto
5688;Villanova (Borca di Cadore);00050;46.44262;12.20648;953;veneto
5689;Auronzo;00053;46.55558;12.42613;877;veneto
5690;Crep di Pecol;00055;46.37868;12.09333;1629;veneto
5691;Campo di Zoldo;00056;46.34599;12.18443;875;veneto
5692;S.Stefano di Cadore;00058;46.55700;12.55338;985;veneto
5693;Domegge di Cadore;00059;46.46028;12.41055;816;veneto
5694;Cimacanale (Val Visdende);00061;46.60138;12.63099;1266;veneto
5696;Castana ;00068;45.81485;11.30868;485;veneto
5697;Contra' Doppio Posina;00073;45.80622;11.22556;746;veneto
5698;Turcati Recoaro;00076;45.70329;11.18511;693;veneto
5699;Recoaro 1000;00077;45.67982;11.22594;913;veneto
5700;Valdagno;00079;45.63065;11.30894;248;veneto
5703;Montecchio Precalcino;00083;45.65788;11.54816;71;veneto
5704;San Bortolo;00087;45.60781;11.18168;814;veneto
5705;Crespadoro;00088;45.62545;11.20952;513;veneto
5707;Col Indes (Tambre);00092;46.11841;12.44035;1153;veneto
5708;Torch (Pieve d'Alpago);00093;46.15086;12.36323;587;veneto
5709;Pelizzare Bagnolo di Po';00096;44.98879;11.52975;7;veneto
5710;Concadirame (Rovigo);00098;45.09248;11.72105;6;veneto
5711;San Bellino;00099;45.03073;11.57719;7;veneto
5712;Conegliano Veneto;00100;45.88066;12.28254;71;veneto
5713;Pradon Porto Tolle;00101;44.91663;12.36932;2;veneto
5714;Castelfranco Veneto;00102;45.69427;11.94814;51;veneto
5715;Villafranca Veronese;00104;45.37175;10.83289;67;veneto
5716;Lonigo;00105;45.38992;11.37990;31;veneto
5717;Montagnana;00106;45.24286;11.46828;15;veneto
5718;Salizzole;00108;45.23885;11.08626;22;veneto
5720;Legnaro;00111;45.34669;11.95239;7;veneto
5721;Rosolina Po di Tramontana;00112;45.07048;12.26199;2;veneto
5722;Castelnovo Bariano;00113;45.03066;11.30257;12;veneto
5723;Villadose;00114;45.07070;11.92263;2;veneto
5725;Frassinelle Polesine;00116;44.98979;11.67902;6;veneto
5726;Sorga';00117;45.21726;11.00903;23;veneto
5727;Bardolino Calmasino;00118;45.51770;10.76593;161;veneto
5728;Roverchiara;00119;45.26514;11.25143;19;veneto
5729;Dolcè;00120;45.59890;10.84901;112;veneto
5732;Arcole;00123;45.37484;11.29606;28;veneto
5733;Marano di Valpolicella;00124;45.54730;10.92363;283;veneto
5734;San Pietro in Cariano;00125;45.50865;10.88834;137;veneto
5735;Illasi;00126;45.45954;11.17178;155;veneto
5736;Buttapietra;00127;45.35231;11.01065;41;veneto
5737;Grezzana;00128;45.50916;11.01372;176;veneto
5738;Castelnuovo del Garda;00129;45.45398;10.77261;122;veneto
5739;Montecchia di Crosara;00130;45.46737;11.28337;61;veneto
5740;Malo;00134;45.66871;11.46482;102;veneto
5741;Rifugio la Guardia Recoaro;00135;45.71820;11.18165;1261;veneto
5742;Valli del Pasubio;00137;45.75710;11.21496;619;veneto
5743;Lusiana;00139;45.78348;11.58835;665;veneto
5744;Passo Santa Caterina Valdagno;00140;45.61913;11.25936;716;veneto
5745;Rosa';00144;45.71592;11.77648;83;veneto
5746;Barbarano Vicentino;00145;45.39704;11.57065;18;veneto
5747;Breganze;00147;45.71976;11.57653;193;veneto
5748;Brendola;00148;45.47482;11.47148;281;veneto
5750;Noventa Vicentina;00150;45.26383;11.56677;14;veneto
5752;Balduina Sant'Urbano;00152;45.13408;11.58438;8;veneto
5753;Quinto Vicentino;00153;45.56843;11.63065;36;veneto
5754;Portogruaro Lison;00159;45.74482;12.76147;3;veneto
5755;Cavallino (Treporti);00160;45.45805;12.48642;2;veneto
5756;Noventa di Piave;00163;45.66761;12.58868;4;veneto
5758;Fossalta di Portogruaro;00165;45.77501;12.89414;7;veneto
5759;Lugugnana di Portogruaro;00166;45.70425;12.94687;2;veneto
5760;Mira;00167;45.43530;12.11769;5;veneto
5761;Chioggia loc. Sant'Anna;00168;45.14400;12.27600;1;veneto
5763;Teolo;00170;45.34206;11.67737;114;veneto
5764;Codevigo;00175;45.24301;12.09993;2;veneto
5765;Gesia (Cavarzere);00178;45.16084;12.08742;4;veneto
5766;Campodarsego;00179;45.49483;11.91370;15;veneto
5769;Volpago del Montello;00183;45.78455;12.11314;171;veneto
5770;Zero Branco;00184;45.59004;12.17524;11;veneto
5771;Vazzola;00185;45.81115;12.34149;38;veneto
5772;Gaiarine;00186;45.89151;12.49369;17;veneto
5773;Roncade;00187;45.64067;12.39647;7;veneto
5774;Villorba;00188;45.74828;12.23517;40;veneto
5775;Valdobbiadene Bigolino;00189;45.88139;12.00731;189;veneto
5776;Brustole' Velo d'Astico;00190;45.80061;11.34351;390;veneto
5777;Molini Laghi;00191;45.83265;11.25584;635;veneto
5779;Farra di Soligo;00195;45.90150;12.10480;197;veneto
5780;Oderzo;00196;45.76503;12.52447;8;veneto
5781;Maser;00197;45.77817;11.94258;102;veneto
5782;Breda di Piave;00198;45.71705;12.33814;21;veneto
5783;Longarone;00199;46.26092;12.30382;434;veneto
5784;Lamon;00200;46.04918;11.74661;586;veneto
5786;Ponte di Piave;00204;45.71650;12.52452;5;veneto
5792;Valle di Cadore;00224;46.41477;12.33254;738;veneto
5794;Mogliano Veneto;00227;45.58008;12.30800;5;veneto
5797;San Martino d' Alpago;00236;46.17982;12.39696;805;veneto
5798;Cortina loc. Gilardon;00237;46.53602;12.12760;1216;veneto
5799;Misurina;00238;46.57574;12.25027;1810;veneto
5800;Costalta;00246;46.57810;12.57575;1195;veneto
5801;Casamazzagno;00247;46.59322;12.51580;1370;veneto
5802;Venezia Istituto Cavanis;00252;45.42930;12.32830;1;veneto
9604;ARIANOETGFE;08ARIANOETGFE;44.94560;12.12090;2;veneto
