yy;abruzzo_2168;abruzzo_2171;abruzzo_2;abruzzo_1112;abruzzo_1961;abruzzo_2135;aeronautica_6773;aeronautica_6779;aeronautica_6841;lazio_240;lazio_275;lazio_282;lazio_285;lazio_289;marche_101;marche_103;marche_108;marche_110;marche_124;marche_128;marche_142;marche_152;marche_502;toscana_10;toscana_12;toscana_20;toscana_25;toscana_68;toscana_75;toscana_106;toscana_121;toscana_148;toscana_198;toscana_221;toscana_289;toscana_291;toscana_298;toscana_349;toscana_767;toscana_860
1971;NA;NA;NA;NA;NA;NA;10.779487179487178;8.02289156626506;7.159375;10.265671641791045;11.5;9.87032967032967;12.021052631578948;9.42340425531915;7.563043499999999;9.009859169014085;7.544318147727273;6.683783783783784;8.187012961038961;7.4809523690476185;8.942056130841122;7.530434797101449;11.000000010752688;9.119101123595506;7.819718309859155;10.453846153846154;10.417021276595746;10.4375;10.820652173913043;11.389247311827958;10.772727272727273;9.1;15.888679245283019;16.683185840707964;8.074603174603174;11.484523809523811;8.265079365079366;14.995652173913042;8.45185185185185;9.127500000000001
1972;NA;NA;NA;NA;NA;NA;8.085714285714287;8.453932584269662;9.129333333333333;9.376106194690266;13.741304347826087;NA;9.375531914893617;8.7315789473684209;7.430088522123894;8.846428616071428;10.05826084347826;8.933944972477065;8.242592592592594;7.794;9.193055597222221;6.927472549450549;10.823015825396826;8.991379310344827;8.739784946236558;11.930588235294119;9.793965517241379;9.73030303030303;10.261946902654866;7.537614678899083;10.898198198198198;8.50989010989011;12.372093023255815;18.3985401459854;8.104;12.071153846153846;8.19047619047619;15.664957264957264;8.449382716049383;8.225242718446603
1973;NA;NA;NA;NA;NA;NA;10.682258064516128;8.4970588235294109;8.067241379310344;9.767164179104478;12.879166666666666;8.6;9.201587301587303;10.23846153846154;9.958;12.671084421686746;11.238541729166668;9.754737;9.68043475;9.847058788235294;11.83551401869159;12.231578960526315;12.37113398969072;10.50952380952381;6.488;14.880952380952381;11.98494623655914;10.184146341463414;10.865882352941176;9.61012658227848;9.525842696629214;9.586842105263159;15.313541666666666;21.44954128440367;9.415384615384616;8.871052631578948;8.28;15.66904761904762;11.266666666666666;8.088524590163933
1974;8.1506849794520555;9.822115354807693;9.617977569662921;8.27317070487805;11.46707312195122;8.031683106930693;7.3890109890109885;8.301149425287356;7.794736842105263;10.982666666666667;13.093506493506494;10.845679012345679;NA;10.712087912087911;8.111578915789474;9.201204831325303;8.620388339805825;7.185882329411764;NA;7.449411811764707;9.368595008264462;6.940000037500001;11.00679613592233;8.14396551724138;8.083333333333334;12.228767123287671;7.8349206349206355;9.013636363636364;9.318181818181818;7.666666666666667;7.9504761904761905;6.465217391304347;12.26030534351145;14.565413533834587;7.865753424657535;10.910638297872339;12.031884057971014;12.264077669902914;8.077777777777778;7.108510638297873
1975;8.014285725974027;10.23106793786408;9.144303789873417;8.176315730263159;9.783132589156628;7.226190517857144;10.647;9.172368421052632;9.268518518518519;11.029870129870131;12.045238095238094;10.344444444444443;11.557534246575344;10.761363636363637;9.092682951219512;9.671232835616438;8.531764658823528;7.301265873417721;8.288095202380953;7.1552940941176475;8.844642866071428;8.938888916666667;11.25800005;9.934693877551021;7.856410256410256;13.768493150684932;10.342592592592593;11.111235955056179;13.064077669902911;11.919318181818182;9.453846153846154;9.44109589041096;19.206363636363633;20.398373983739837;14.895384615384616;11.5;12.06111111111111;16.37735849056604;9.918987341772151;10.383999999999999
1976;7.943000017;9.290066205960265;9.599137946551725;9.226213591262136;11.376521677391304;8.501666675000001;12.013684210526316;9.793684210526315;7.41747572815534;11.678350515463917;9.936792452830188;10.96774193548387;11.321348314606741;11.50909090909091;10.280645193548386;11.822999970000001;12.956410128205128;8.001754385964913;11.090909109090909;9.650909063636364;11.928378391891892;8.817647068627451;14.31578947368421;10.552;8.959615384615384;15.182954545454544;10.824;10.448245614035088;13.465384615384616;10.429126213592234;10.18695652173913;10.181818181818182;16.206122448979592;17.598496240601502;10.877272727272727;11.957377049180327;7.368421052631579;15.818;9.784269662921348;9.658823529411766
1977;7.610126589873417;9.710588216470589;8.136708911392406;8.65799998;7.109375025;7.693137275490196;9.064705882352941;7.676;7.648979591836735;8.666176470588235;12.949382716049383;9.121518987341773;11;9.881578947368421;8.28400001;10.643478260869564;10.357608630434783;8.228947328947369;9.237037061728396;8.1093022906976735;9.064864846846847;8.129577394366196;11.535454490909093;8.352727272727272;6.074;13.35890410958904;8.393548387096773;8.094897959183672;12.236974789915967;9.357142857142858;8.557500000000001;6.682474226804124;16.682706766917295;21.882089552238806;5.342424242424243;12.267961165048543;8.413333333333334;18.609917355371902;7.731313131313131;7.421052631578948
1978;8.238888878703703;9.846511682170542;9.258695604347826;9.682051271794872;12.29156623373494;7.35565218;8.905882352941177;9.498230088495575;9.734210526315788;12.525;11.409615384615384;10.138775510204082;13.259154929577464;11.383673469387753;11.070940213675215;13.083516395604395;10.336752042735043;7.74716983018868;8.980530991150442;NA;10.847014985074626;9.293478304347826;14.530833316666667;10.383050847457627;7.681739130434782;15.498850574712645;11.305263157894736;11.35360824742268;12.476521739130435;9.022033898305084;9.620000000000001;8.337864077669902;20.19193548387097;18.30821917808219;7.612820512820512;11.591803278688525;8.224691358024693;13.413861386138613;7.318181818181818;7.807619047619047
1979;8.127000004000001;10.94374994140625;8.27843135098039;7.845833334375;9.782795707526882;8.439669397520662;10.202970297029703;8.517171717171717;10.916853932584269;12.448421052631579;14.214432989690721;11.041304347826086;12.49375;12.786666666666665;9.446017654867257;13.2387500125;10.887755173469388;7.847916666666666;9.201020408163266;NA;10.809090931818183;11.548718000000001;11.274257396039603;9.488181818181818;9.266666666666666;15.639285714285714;11.171681415929203;12.131067961165048;13.868421052631579;12.219801980198021;10.799173553719008;9.821739130434782;20.16030534351145;25.226027397260275;9.554347826086957;15.483495145631068;11.153749999999999;18.966666666666665;10.324137931034484;10.325000000000001
1980;7.601000001;9.643137260784314;9.219417506796116;6.978787860606061;10.709473643157894;7.562295106557377;8.038709677419355;NA;8.59189189189189;11.827272727272726;12.697727272727274;10.419277108433734;10.705;10.958333333333334;9.706956539130434;12.16931821590909;11.666981188679246;8.060550449541285;9.183486183486238;7.6930693366336635;11.033333325396825;NA;8.369607843137254;10.794827586206896;9.02127659574468;17.242424242424242;12.0099173553719;14.063529411764707;11.932710280373831;11.11264367816092;10.995238095238095;9.91;16.443103448275863;19.464444444444442;10.666666666666666;13.534653465346535;10.024;16.115053763440862;8.75421686746988;10.697727272727272
1981;7.925000004166667;NA;8.017721483544305;7.33513516081081;7.2433735228915666;8.429591829591837;10.264705882352942;NA;6.358904109589041;9.4025;12.748571428571429;10.129545454545454;10.854545454545454;9.65;10.51764705882353;12.779999942857144;10.250000011904762;7.763636386363637;8.586046534883721;NA;10.59074075;9.435616479452055;11.418750010416666;10.874725274725275;7.607228915662651;16.102777777777778;13.479646017699116;12.025;12.659340659340659;12.303614457831326;11.734736842105262;10.756962025316454;13.907070707070707;18.275;9.047058823529412;11.611764705882353;6.526984126984127;14.571428571428571;9.147499999999999;11.42051282051282
1982;6.831168832467532;9.69898985050505;5.563855402409638;6.8820512730769225;7.602531644303798;8.196774223655915;7.25;NA;9.344285714285714;11.139726027397261;9.427027027027027;9.94054054054054;9.616901408450703;8.913253012048193;11.36969695959596;14.092500025000001;16.45176471764706;10.211111122222222;9.279545534090909;NA;8.726605522935781;9.580246913580247;NA;10.385087719298246;9.902702702702703;14.448611111111111;10.994782608695653;9.967391304347826;12.308;9.305882352941177;10.710869565217392;7.986486486486487;15.374561403508773;21.963492063492065;11.644444444444444;12.326086956521738;11.214492753623187;NA;7.428947368421053;11.564102564102564
1983;7.871428572857142;9.035789449473684;8.730120502409639;8.237037038271605;11.436363554545453;10.703614453012047;7.618181818181818;7.166666666666667;7.850793650793651;9.351428571428572;12.868852459016393;9.116455696202532;12.045;9.133333333333333;10.751162709302326;9.437931034482759;10.214705926470588;6.4892307538461544;9.33055551388889;6.09;11.305050545454545;7.628070140350878;9.863414646341463;10.781818181818181;6.764383561643836;18.814814814814813;11.948;12.294520547945206;13.048192771084338;11.706896551724139;9.642857142857142;8.382352941176471;15.628865979381443;19.16;9.761904761904763;11.717808219178082;10.949206349206348;11.956756756756755;9.495522388059703;10.771875
1984;NA;9.978787890909091;8.212121223232323;7.58749997875;9.967619015238094;NA;10.02020202020202;10.326732673267326;10.668888888888889;10.39;12.414150943396228;10.916666666666666;12.554255319148934;12.658;9.372881347457627;10.637113329896907;9.78861793495935;6.582142892857143;6.992380904761905;NA;9.123076937062937;7.165306132653062;NA;9.916393442622951;8.530275229357798;15.851685393258427;11.455882352941176;10.76271186440678;12.056410256410256;11.685436893203883;10.174590163934425;8.872072072072072;15.35813953488372;19.17638888888889;9.844444444444445;12.160377358490566;8.907216494845361;14.120833333333332;9.56078431372549;10.582857142857144
1985;9.091803293442624;10.048351746153847;9.506250046875;8.216216247297297;10.105405372972973;7.57916664375;9.034615384615385;7.276315789473684;11.504000000000001;11.135483870967741;10.247887323943662;9.294594594594594;13.257971014492753;11.215789473684211;8.516483538461538;8.272527516483516;8.352809;NA;7.7285714285714295;NA;10.462962907407407;8.423188376811595;NA;9.365909090909092;6.132307692307693;11.883333333333333;8.922222222222222;10.085915492957747;11.592307692307694;10.830769230769231;8.911111111111111;7.708571428571429;14.416129032258064;17.51186440677966;7.178125;9.848780487804879;7.473333333333333;NA;8.269565217391305;8.08108108108108
1986;8.45500000125;9.7643564821782185;10.071910126966293;9.714285615384616;11.073417502531646;9.092156873529412;11.914634146341463;9.269047619047619;9.553763440860216;12.010843373493975;12.5425;11.685416666666667;10.787671232876713;11.438271604938272;10.695918387755102;9.76;11.053012036144578;9.948648662162162;10.165789539473684;10.286567134328358;NA;8.816666694444443;10.704;11.410204081632653;8.665573770491804;17.349999999999998;10.876106194690266;11.963095238095239;11.160869565217391;9.874666666666666;9.72803738317757;7.034883720930233;13.289719626168225;15.544186046511628;8.617142857142857;8.635294117647058;8.02089552238806;NA;8.564556962025316;9.762025316455697
1987;9.310447758208955;9.963265248979592;7.509333344;10.221951273170731;10.884210494736841;8.510112408988764;12.940506329113923;10.023076923076923;11.346666666666666;10.639024390243902;14.844444444444443;10.432323232323231;11.594444444444443;8.802777777777777;9.68990828440367;9.773737414141415;10.20860211827957;9.545679037037038;9.720481867469879;9.013888833333333;10.677083385416667;8.91282046153846;NA;12.312999999999999;9.518181818181818;18.173214285714288;11.052100840336134;13.09764705882353;12.08;11.127272727272727;11.252941176470587;8.07764705882353;14.86111111111111;18.902380952380952;10.334285714285715;15.301098901098902;12.611940298507463;NA;7.782500000000001;11.6
1988;6.838888879166666;7.93195878556701;7.17078652247191;8.580952403571429;8.77441861627907;9.84130435326087;NA;NA;9.552238805970148;8.911999999999999;9.803076923076924;9.514285714285714;8.736842105263158;10.294736842105262;7.429333346666668;7.145714371428572;6.785263189473684;7.988571457142858;NA;8.136111138888888;NA;7.180000016666667;8.294252873563218;8.380851063829788;7.840000000000001;12.2640625;9.420168067226891;9.071794871794872;10.860759493670885;9.366666666666667;8.572413793103447;9.158904109589042;14.598214285714286;15.681967213114755;7.071186440677966;7.881720430107527;7.5587301587301585;12.124675324675325;9.392;9.650666666666666
1989;9.160526310526315;8.938144395876288;10.051851804938272;10.662921324719102;8.393103451724139;10.430769217582418;12.805555555555555;10.4875;10.001923076923077;11.802985074626864;12.5;10.841860465116278;8.265625;12.701785714285714;10.739999975;9.115384576923077;10.954999987499999;9.808333402777778;9.446753272727273;7.6389611168831175;NA;9.481159318840579;NA;11.724137931034482;8.896774193548387;NA;13.612244897959183;13.13661971830986;10.78048780487805;9.975438596491228;11.043037974683545;8.95;16.32470588235294;19.12545454545455;9.251612903225807;12.644736842105264;9.674509803921568;11.183529411764706;11.03225806451613;11.40967741935484
1990;7.493333341333334;9.353846153846154;8.247368431578948;10.064102567948717;10.761904769841271;8.788764043820224;17.191764705882353;7.336708860759494;11.451948051948051;10.632911392405063;9.639024390243902;10.025;NA;15.853333333333333;9.168539471910112;NA;NA;7.113043576086956;NA;7.103529494117647;9.46727280909091;7.950000097222222;10.640000222222222;8.68041237113402;7.928571428571429;NA;10.492982456140352;8.697777777777777;11.152808988764045;10.302564102564103;9.053191489361701;8.381081081081081;11.290740740740741;16.54285714285714;8.844776119402985;11.96867469879518;8.66;14.01505376344086;13.210958904109589;8.544303797468354
1991;8.467567567567567;9.583636363636364;7.648888888888889;10.578260869565218;8.931818181818182;10.504166666666666;18.045882352941177;8.92258064516129;11.366153846153846;10.578313253012048;12.139024390243902;10.504854368932039;9.290666666666667;9.08095238095238;10.22222237962963;11.391489510638298;9.322916833333334;9.10515475257732;8.5952942;8.94545465909091;NA;9.719101213483146;9.80347831304348;10.857692307692307;7.386666666666666;NA;13.620000000000001;12.085714285714285;13.731818181818182;12.154216867469879;10.797727272727274;8.48641975308642;NA;16.52173913043478;10.76986301369863;12.742574257425742;10.276712328767124;NA;13.742857142857144;10.421176470588234
1992;8.597058823529412;9.319565217391304;8.778666666666666;9.671794871794871;9.24935064935065;9.40625;10.413636363636364;11.190624999999999;14.177611940298506;9.955555555555556;11.326829268292682;11.783333333333333;11.896052631578948;10.716049382716049;10.118750145833333;10.332432486486487;7.995402413793103;8.507317170731707;7.560000049999999;8.418461630769231;NA;8.28450714084507;10.632000170000001;13.81081081081081;8.84235294117647;13.794174757281553;15.258119658119659;13.924444444444445;14.01;12.612345679012346;11.217307692307692;10.863157894736842;20.947747747747748;22.50172413793103;8.380555555555555;14.55529411764706;7.650746268656717;16.902912621359224;11.487058823529411;10.71566265060241
1993;8.596666666666666;10.549999999999999;7.016666666666667;8.794871794871796;9.524050632911392;8.668888888888889;8.61125;10.016666666666667;12.9;11.667741935483871;9.410714285714286;10.348888888888888;11.204918032786885;13.639393939393939;9.24367824137931;9.86933328;10.002739808219179;9.636619915492957;8.338095345238095;7.184210631578947;9.8201836146789;9.350000097222223;11.37938155670103;8.5616822429906545;7.116417910447761;9.652272727272727;11.176146788990826;9.553086419753086;10.861682242990655;10.87710843373494;8.585263157894737;10.69041095890411;12.291379310344826;17.274380165289255;7.776271186440678;9.698666666666666;7.962264150943396;15.202439024390243;12.691666666666668;8.724242424242423
1994;7.487096774193549;8.10752688172043;9.526027397260274;8.3625;11.386111111111111;9.329411764705883;NA;11.587499999999999;9.725806451612904;8.282191780821918;12.869354838709677;10.61111111111111;11.907936507936508;8.79718309859155;8.2875000125;10.027027108108108;9.3013334;9.354054175675676;9.387341873417721;7.852307738461539;8.985263231578948;9.091892054054055;10.112195170731708;9.36595744680851;8.223376623376623;8.767088607594937;NA;10.775342465753425;13.356962025316456;10.513333333333332;11.312820512820512;9.213333333333333;15.860784313725489;NA;8.374074074074073;13.197142857142856;9.976923076923075;15.187962962962963;10.854545454545454;10.04927536231884
1995;6.913253012048192;9.15294117647059;7.8157303370786515;7.238636363636363;9.251685393258427;9.242857142857144;10.679518072289156;10.017021276595745;8.618867924528303;7.129545454545454;9.79240506329114;10.211538461538462;9.430434782608696;11.697297297297297;8.967857196428572;8.434951533980582;8.96274525490196;8.538461586538462;7.656250041666667;8.957894789473684;9.719047738095238;8.157281669902913;8.93643419379845;9.241860465116279;6.9270588235294115;7.851428571428571;10.089922480620155;8.509302325581395;11.612121212121211;NA;8.783928571428572;6.734883720930233;13.959322033898305;19.59242424242424;7.546666666666667;9.322222222222223;6.718840579710145;12.960747663551402;9.355294117647059;9.876744186046512
1996;8.034408602150538;9.303030303030303;7.530841121495326;7.46734693877551;8.795604395604395;10.321008403361345;11.280434782608696;11.037894736842103;7.91875;10.115151515151515;13.474545454545455;10.430252100840336;13.28625;NA;8.756756837837838;9.127451049019607;8.868686878787878;10.071428602040816;8.715789570175438;8.729293040404041;NA;10.305050565656567;11.001587404761906;11.518032786885247;9.026966292134832;11.086597938144331;NA;9.931372549019608;11.963793103448275;10.482857142857144;10.518095238095238;9.056470588235294;20.848333333333336;18.590769230769233;8.260975609756096;12.016216216216216;9.86279069767442;16.803333333333335;10.158333333333333;9.385714285714286
1997;8.002985074626867;9.235051546391752;6.83578947368421;8.365909090909092;11.170731707317072;8.609638554216868;9.995454545454546;10.594285714285714;9.7;11.273529411764706;17.779411764705884;10.953246753246752;14.3234375;NA;11.575609829268293;9.5275000875;9.616438520547945;9.485365951219514;10.878378459459459;9.408695724637681;8.943243337837838;9.843038075949368;13.456521923913044;10.704040404040404;9.15;12.731944444444444;12.896875;11.34320987654321;11.769047619047619;12.757534246575341;11.647435897435898;8.144285714285715;18.64468085106383;20.502912621359226;9.28888888888889;12.781333333333334;11.573770491803279;20.11777777777778;8.873913043478261;13.194202898550724
1998;8.05974025974026;9.590566037735849;8.1175;9.535632183908046;9.501960784313725;9.494505494505495;8.87361111111111;9.292105263157895;11.248936170212767;12.656716417910447;11.070886075949367;12.894117647058824;13.650847457627119;NA;9.419148989361702;10.184415714285715;9.88659806185567;11.632941329411764;9.180246987654321;11.012987155844156;10.740000090909092;9.714285785714285;12.529293070707071;10.472549019607843;8.227777777777778;8.228571428571428;13.68888888888889;8.760919540229885;8.957142857142857;9.231460674157304;8.929545454545455;7.688235294117646;15.3980198019802;21.69891304347826;7.428571428571429;12.51529411764706;7.378125;17.03370786516854;8.038888888888888;8.65128205128205
1999;8.44375;11.022033898305084;9.435955056179775;11.676190476190476;10.243373493975904;10.610714285714286;9.985;9.024468085106383;NA;NA;9.568539325842696;11.370909090909091;NA;9.644444444444444;10.03636380909091;9.212658303797468;10.748000079999999;9.503225913978495;10.077551102040816;8.990697802325581;12.196774258064517;11.189873481012658;12.519354983870969;9.203053435114503;7.375555555555555;9.60421052631579;9.902941176470588;NA;NA;9.723711340206187;11.170212765957446;NA;19.293805309734513;20.992561983471074;NA;NA;10.04927536231884;15.983177570093458;10.148051948051947;9.0075
2000;7.597142857142856;10.448421052631579;8.016666666666667;7.8999999999999995;9.024615384615386;8.76595744680851;11.74698795180723;8.748837209302325;NA;8.346666666666666;10.362820512820512;10.928260869565218;8.475000000000001;10.597435897435897;9.538461604395604;7.205479465753425;8.879545499999999;7.1222222916666675;8.624242484848486;6.950819737704918;8.823913097826088;8.020289927536231;12.303296747252746;NA;NA;NA;NA;NA;NA;NA;NA;9.734065934065933;NA;24.39159663865546;NA;NA;NA;21.2;11.053164556962026;9.197530864197532
2001;6.333333333333333;7.964150943396227;8.137349397590361;6.574025974025973;7.815584415584415;7.888571428571428;9.221794871794872;7.543820224719101;NA;7.608695652173913;9.605633802816902;8.868181818181817;8.295652173913043;9.877777777777778;10.100000054347827;9.588235388235294;8.032258129032257;6.933333375;7.495652260869565;6.793103540229885;7.770093570093457;8.440506417721519;9.961165233009709;9.30841121495327;5.594805194805195;10.143181818181818;11.914285714285715;10.251219512195123;10.787628865979382;8.446913580246914;9.175555555555555;7.421176470588235;13.624778761061947;19.95263157894737;8.451724137931034;12.10958904109589;NA;14.32542372881356;8.576;7.944117647058825
2002;6.100970873786408;7.59327731092437;8.074;10.27111111111111;12.19433962264151;8.02;12.252747252747254;9.444660194174757;7.383333333333334;9.541463414634146;11.8575;9.617699115044248;9.021333333333333;9.76235294117647;10.720000095238097;10.36701043298969;8.003389855932204;8.64893624468085;NA;7.0533334000000005;8.2950001;7.6340426063829785;9.763158035087718;9.591666666666667;7.24516129032258;9.466666666666667;11.428099173553719;10.150515463917525;11.741747572815536;11.380434782608695;11.02;9.044444444444444;NA;16.995172413793103;NA;10.755555555555555;NA;13.4925;9.453658536585367;10.266666666666666
2003;7.8325000000000005;9.846153846153847;8.468235294117646;7.35578947368421;14.445652173913043;9.38205128205128;12.134426229508197;8.670666666666666;11.207692307692307;8.676666666666668;11.783050847457629;10.731707317073171;9.943333333333333;11.518840579710144;8.125581488372093;6.439436690140845;NA;6.885333373333333;NA;NA;9.26991881300813;7.473333433333334;10.30632917721519;8.64313725490196;7.023728813559322;10.533333333333333;10.073684210526316;10.864788732394366;12.861333333333334;10.101369863013698;12.733333333333334;NA;20.105555555555554;18.70420168067227;11.013333333333332;10.236363636363636;8.475;16.701149425287355;8.036065573770491;10.995522388059703
2004;7.196153846153846;10.364406779661017;8.099082568807338;8.47378640776699;10.964;9.761344537815125;10.351162790697675;10.295959595959596;8.756578947368421;9.81263157894737;12.098947368421054;10.625862068965516;10.90967741935484;11.247524752475247;10.032432522522521;8.1000001122449;8.831579052631579;7.775471679245284;8.094545499999999;7.075000086538462;10.46417914925373;6.402061907216495;10.435714428571428;10.725984251968505;8.667346938775509;10.438834951456311;10.799999999999999;10.049484536082474;12.043809523809523;11.216867469879517;9.69090909090909;8.633707865168539;14.321052631578949;18.703225806451613;9.621333333333334;10.810204081632653;8.469333333333333;14.259459459459459;10.015189873417722;NA
2005;7.158620689655172;9.977777777777776;9.168627450980393;9.476785714285715;NA;NA;9.056338028169014;11.350617283950617;7.4358208955223875;9.841758241758242;13.360869565217392;12.177142857142856;11.712087912087911;10.912765957446808;11.825000163461539;10.41538478846154;11.14067811016949;9.728571547619048;8.627184611650485;8.789247311827957;10.87207218918919;10.87021285106383;11.766355308411214;10.976068376068376;9.878651685393258;11.353488372093024;12.37196261682243;13.842696629213483;10.783720930232558;13.948314606741574;9.893478260869566;10.5;14.380952380952381;15.448598130841122;11.153246753246753;12.1;11.012307692307692;11.397777777777778;8.152307692307692;9.924418604651162
2006;5.957142857142857;7.710588235294117;7.553623188405798;6.589333333333333;NA;NA;12.549295774647888;9.531746031746032;NA;9.135714285714286;11.965217391304348;9.616279069767442;8.193442622950819;9.297058823529412;9.410810905405405;8.194871923076922;10.40941185882353;9.472222263888888;7.01562503125;10.007792233766233;7.140952447619048;10.318421144736842;8.784615435897436;7.798095238095238;7.580281690140846;9.488888888888889;10.793877551020408;8.231707317073171;11.062790697674417;10.02;9.2;7.832352941176471;14.538613861386139;15.424590163934425;10.137037037037036;9.753658536585366;10.975999999999999;NA;9.167741935483871;8.953623188405796
2007;5.385294117647058;7.24421052631579;7.896385542168675;6.852500000000001;7.183529411764706;NA;9.504838709677419;6.7;NA;6.7893333333333334;8.504347826086956;8.035955056179775;7.974285714285715;7.034782608695652;8.163218505747126;6.385365926829269;7.994936772151899;9.749367240506329;7.8112677323943664;NA;8.553333416666668;7.116049469135802;9.021333413333334;8.68;6.778787878787878;8.264788732394365;10.353191489361702;7.861538461538461;12.679487179487179;9.175757575757576;8.646153846153846;8.294594594594594;12.65;14.141509433962264;6.9423076923076925;10.576119402985075;7.903846153846154;NA;NA;NA
2008;NA;10.696428571428571;11.233734939759035;8.051764705882352;9.228915662650602;9.851851851851851;NA;10.049999999999999;10.153164556962025;13.176470588235293;13.049999999999999;11.60792079207921;10.028571428571428;10.673913043478262;8.46391755670103;9.39148939361702;7.6964706000000005;9.430000012499999;9.397590385542168;10.415384615384616;9.715044274336284;8.534117670588236;8.557692365384614;9.574193548387097;7.685416666666666;9.503636363636364;10.465116279069768;10.396296296296295;10.898214285714285;11.82857142857143;8.433962264150944;8.562886597938144;15.8928;21.23795620437956;10.602325581395348;13.028846153846153;13.116279069767442;NA;8.030303030303031;9.8
2009;NA;8.632786885245903;7.25045045045045;7.895145631067962;12.884313725490196;9.128571428571428;NA;9.845744680851064;9.086666666666666;8.953658536585367;11.496629213483146;NA;8.91139240506329;9.06875;8.4345455;6.753333355555555;5.8660000100000005;7.110588247058823;8.221359262135923;9.069565228260869;8.403726745341615;7.091566265060242;8.240000032;8.902362204724408;7.593617021276596;9.31111111111111;11.133898305084745;9.952688172043011;13.675555555555555;11.08705882352941;10.5;7.68735632183908;22.041666666666668;24.6848;10.339473684210526;11.410752688172044;12.626315789473685;18.135185185185183;9;9.188
2010;7.447706422018348;9.873076923076923;6.385858585858586;6.428;7.324074074074074;9.859016393442623;11.585999999999999;8.921848739495799;9.283870967741935;9.036190476190475;12.68235294117647;12.296875;7.4;9.025925925925925;NA;10.20000006140351;NA;NA;NA;NA;NA;NA;NA;12.286131386861314;7.298214285714286;10.015126050420168;11.88358208955224;NA;14.145762711864407;NA;11.31607142857143;10.007017543859648;NA;24.082993197278913;10.26734693877551;13.656692913385827;9.419148936170213;17.812121212121212;10.646280991735537;9.651111111111112
2011;5.188888888888889;NA;10.312820512820512;7.005333333333333;9.914942528735633;7.566265060240964;7.859016393442623;7.85;8.580701754385965;11.512727272727274;12.6;8.825641025641024;9.867692307692307;11.24179104477612;NA;10.15522395522388;8.118309887323944;9.2250000625;8.88915665060241;11.091525457627117;8.044444462962963;8.715254254237289;NA;7.8711111111111105;8.30566037735849;9.111538461538462;9.785915492957745;9.76875;11.509589041095891;8.244444444444445;9.470588235294118;9.973076923076924;17.505128205128205;20.920833333333334;10.818181818181818;10.102857142857143;11.691228070175438;19.735135135135135;7.625;12.086274509803921
2012;NA;9.219277108433735;9.966666666666667;7.786666666666667;9.24494382022472;NA;11.620289855072462;12.534246575342467;10.126984126984127;10.106849315068493;NA;NA;10.785294117647059;11.095121951219511;12.861538505494506;11.07654324691358;11.228888911111111;9.259574478723405;11.377272772727274;7.912359573033708;10.436190485714286;9.481927722891566;10.598039245098038;10.964356435643566;8.508333333333333;11.690909090909091;12.406818181818181;11.864102564102565;13.252380952380953;12.149367088607594;8.382352941176471;9.387179487179488;16.993548387096777;20.763302752293576;11.355172413793104;13.1679012345679;12.139999999999999;NA;NA;NA
2013;NA;NA;10.293457943925235;8.720430107526882;9.990384615384615;8.616176470588234;10.586458333333333;9.904854368932039;9.046666666666667;10.570297029702969;NA;9.501639344262296;11.203614457831325;10.950526315789473;10.478125046875;10.19252338317757;9.36850394488189;9.358095228571429;10.220512863247864;8.736263758241758;11.173846176923076;9.101818190909091;10.51292518367347;10.351724137931035;8.295049504950494;8.840384615384615;12.84424778761062;NA;12.753043478260869;10.3375;8.959375;10.18736842105263;18.140579710144927;21.702777777777776;NA;13.143362831858408;9.154216867469879;15.450819672131148;NA;NA
2014;NA;NA;7.667999999999999;8.05360824742268;8.118518518518519;8.11111111111111;11.83061224489796;8.918;9.577777777777778;11.178571428571429;NA;9.597391304347827;11.307865168539326;11.808737864077669;NA;11.574000000000002;10.716981150943397;10.596116533980583;9.02782612173913;8.403508780701754;8.153383473684212;11.23963963963964;10.279674821138212;9.959999999999999;7.453465346534653;9.60576923076923;11.08030303030303;NA;13.415;12.992592592592594;10.864150943396226;9.795698924731182;17.366442953020133;22.57027027027027;9.762;14.323333333333332;12.353333333333333;18.31967213114754;NA;NA
2015;NA;NA;11.712941176470588;9.304444444444444;12.483870967741936;9.404081632653062;11.077142857142857;9.045714285714286;10.48709677419355;12.854237288135593;14.824615384615385;10.736;9.936507936507937;11.810447761194029;11.93563227586207;12.03414637804878;NA;11.270886101265823;11.222727329545455;NA;NA;NA;12.677669980582523;8.361467889908257;7.775757575757576;8.577777777777778;10.518181818181818;10.455555555555556;11.325;10.325333333333333;9.397499999999999;9.53103448275862;NA;15.721212121212123;7.575;12.064788732394366;11.066666666666668;13.322857142857144;11.098461538461539;11.414492753623188
2016;5.394117647058824;7.08;8.114893617021275;7.423529411764706;9.923232323232323;7.911320754716981;10.705;10.331858407079647;7.5;8.711392405063291;9.438636363636364;8.852941176470589;8.525;8.81264367816092;10.247863256410257;8.917391304347825;9.970873805825242;9.775824197802198;9.13653848076923;8.61123597752809;9.772580677419354;NA;9.9761905;9.395384615384616;9.915463917525773;10.352830188679246;12.311278195488722;10.952577319587629;12.293457943925235;10.077669902912621;10.234;10.806666666666667;17.048387096774192;21.555737704918034;9.855555555555556;12.462745098039216;9.927536231884059;13.182456140350876;11.265882352941176;8.767676767676768
2017;6.55897435897436;7.385714285714285;13.546835443037976;11.907462686567163;12.262337662337663;11.7425;8.785230769230768;9.386307692307692;7.519791666666666;9.884;10.356521739130434;12.041176470588235;11.766666666666667;NA;9.920430107526881;10.402469160493828;9.707865146067416;10.200000024390244;10.848780426829268;NA;10.751851842592592;NA;NA;9.817204301075268;7.294915254237288;9.662068965517241;12.606896551724137;9.4;13.466666666666667;9.029508196721311;12.214285714285714;8.303448275862069;17.610309278350517;22.086274509803925;NA;9.82258064516129;7.531707317073171;16.892307692307693;11.13898305084746;7.7898305084745765
2018;9.060714285714287;10.493233082706766;9.28235294117647;9.651612903225807;10.337373737373737;8.021848739495798;NA;NA;NA;10.605940594059406;10.945283018867926;9.81496062992126;9.986315789473684;11.344554455445545;9.137288093220338;9.2;9.281904723809523;9.53260875;8.52600004;7.650602397590362;9.71142855;10.579487128205127;NA;9.729411764705882;9.451020408163266;8.078;12.148148148148149;10.00672268907563;9.643478260869566;9.682352941176472;8.620183486238533;7.444;13.162790697674419;15.495384615384616;8.894252873563218;14.233644859813085;10.017021276595745;15.099065420560747;8.690196078431372;10.666666666666666
2019;7.548837209302326;8.867307692307692;8.766292134831462;7.166666666666667;10.095833333333333;8.504166666666666;12.36432098765432;10.469479166666668;7.836216216216216;NA;15.364705882352942;11.026315789473685;9.094252873563219;10.223157894736843;10.912149532710279;10.141573033707866;10.366990291262136;8.448351648351649;8.602;NA;10.78225806451613;9.574025974025975;10.518333333333334;11.837931034482759;10.059770114942529;11.331111111111111;13.415254237288135;11.685714285714287;12.026548672566372;12.026966292134832;12.262;10.54318181818182;17.533333333333335;24.851162790697675;9.296470588235294;15.33469387755102;12.821686746987952;17.103703703703705;11.25057471264368;12.617582417582419
2020;7.827027027027028;9.835051546391753;11.387692307692308;12.65625;13.757746478873239;8.428260869565218;11.498170731707317;11.79391891891892;8.648688524590165;9.367692307692307;12.654545454545456;NA;9.829230769230769;9.335211267605633;11.339534883720932;8.272727272727273;11.533333333333333;9.197260273972603;10.605128205128207;8.04;NA;7.977142857142857;12.99047619047619;12.787878787878787;8.9075;10.104878048780488;11.353719008264463;10.22;10.575999999999999;9.915000000000001;9.904;10.024999999999999;17.97345132743363;22.458928571428572;8.104615384615384;13.119047619047619;10.035483870967743;16.724271844660194;10.575609756097561;9.62972972972973
