yy;aeronautica_6827;aeronautica_6828;aeronautica_6856;aeronautica_6869;aeronautica_6874;aeronautica_6881;aeronautica_6883;aeronautica_6891;aeronautica_6919;calabria_7;calabria_34;calabria_127;calabria_191;calabria_212;calabria_294;calabria_386;sardegna_NU010B535;sardegna_NU034B536;sardegna_SS025B563;sardegna_SS038B556;sardegna_SS068B593;sardegna_CA013B093;sardegna_CA021B076;sardegna_CA035B106;sardegna_CA054B109;sardegna_CA073B050;sardegna_CA085B210;sardegna_CA102B148;sardegna_NU001B431;sardegna_NU021B197;sardegna_NU044B105;sardegna_NU052B015;sardegna_NU074B195;sardegna_NU085B070;sardegna_OR030B156;sardegna_SS013B169;sardegna_SS018B022;sardegna_SS044B149;sicilia_11806;sicilia_11839;sicilia_11842;sicilia_11857;sicilia_11864;sicilia_11876;sicilia_11888;sicilia_11933;aeronautica_6812
1971;1.9822927075979297;2.840830272991278;-1.076620667503243;-1.5772131511374194;-0.4148097386817806;-0.27428197499511064;-2.5699131330342757;-0.932251398409484;-1.3957741177745637;1.2146656905042672;3.093497260279758;-5.305766587993984;-0.9902330689841694;-2.3248655701541523;-1.0474412847075953;0.9692901123276076;1.7533105661108657;0.6035655855416096;-1.5496527286558024;-0.8558877881336837;-0.046769605912970746;1.552870995162083;0.43030559823266046;0.9945282703718341;1.5820061467065365;0.08246687987392498;2.5790523658393774;0.8066796340384847;NA;-1.8140628183113865;3.7756438048120433;5.12156258020301;1.3457367585121496;3.8231653262887395;0.24347452806221348;1.1600877484088947;2.2541814027985048;-0.5249536256381084;-1.1321381769937577;3.233275357718849;-0.26634098214470825;-2.840132834241265;-2.1620098615936403;-1.5311766166465954;-1.8886445891715358;-0.12714693576766578;NA
1972;1.1174217760603309;6.723336183156762;0.7720886478727387;NA;NA;-1.8180182387313746;-2.040620203741346;1.34325880567215;-0.01821104745786961;-1.9200279707210886;0.988458658085527;0.9691950095482582;0.7079018516507496;NA;2.220158766436759;0.07861137929593376;6.0424384036258;0.21904177601779828;0.8274012323086062;1.8737878374455565;-1.1928186731248278;1.1843174237335123;3.159698044866486;-0.7447104771819824;4.141522275738794;4.6412502132072575;0.44739116877733665;3.41507161839821;NA;2.2826000604764918;10.630050663014083;3.6827261022155913;3.1822448936811103;5.663182612373442;-0.09609257150488659;2.360996839317986;1.830507486353504;0.026775697670162302;-1.6458794545031505;4.403645728089218;0.323004527748747;-0.31126354795417654;-1.789036888620668;0.30311152856043666;-2.148340057892872;-1.0348949848200633;1.0892078796086633
1973;1.1704699044025766;3.6094472942678735;-1.2335903644729402;0.21335401304168577;-1.1751082461444673;-2.1429417688095427;-2.2938669569881;2.361626152610926;-1.3741051135669906;-0.11076161249240357;-1.6992029165325686;2.5043663023714657;-0.7995454551408177;NA;0.2971294223631098;2.259164534006393;0.415717973518273;0.5127761118573986;0.8025808895778166;0.0771486491132789;0.3619066016004471;-0.902462960061797;-1.1023320303214845;-0.6607574439138801;0.7159082406510766;0.1422094171873578;-0.19751182945899437;1.6383140426406353;NA;-0.8907083662565922;5.905369079537321;0.763754471009916;-1.7174004963898124;1.9439112470346611;0.06868461209582755;1.8889968393179863;0.14038270149980292;-1.7392393399238228;0.41006754941133217;1.2249420243855162;-2.6558834658048394;2.8261994541599886;1.506533681949902;2.839634355327167;-1.755311255838203;1.4285002406441283;NA
1974;0.9428558925056834;3.909447294267874;1.248631857749281;NA;-0.06822300024282768;-0.2801246716243231;-0.6537894905948427;-2.8884485114010214;2.079891034723815;0.8639060727635162;-5.5445170618467134;-0.7369537107304023;-1.0024062715985487;-2.080256922097229;-2.367183005715141;-0.2504484497638959;1.1975600787814304;2.2101445329100304;0.41665496365189014;0.1890092866225448;-0.7834305304033524;2.0022248684015196;4.451761536929979;2.1766671033698213;-0.36228724807073043;1.1573835465405917;0.03313752119035662;1.3576040859306797;-1.437263565733522;0.14131218168861537;4.332797650965892;2.890464197453685;2.6455161702768546;2.226358359670453;0.5899824645701504;-1.0130031606820147;1.628207376824479;0.7382331875487047;0.07800675054247463;2.1377198021632946;-0.7020897744152403;-0.7728914549309209;-3.473780327711933;0.39663069232350345;-4.3684206102519045;0.3543482922280923;-0.05830455820228142
1975;-1.4682172226221457;-0.9960721862516069;0.015298524415948478;5.50397983131872;-0.9096537006899217;-1.4166196373327722;-1.1927305933517358;0.3307588056721489;-0.8541678375813273;0.23806191691936007;-4.46728881064586;-0.31459775682515456;2.927483733183852;NA;-1.1289135415223193;-0.23327673259217896;-1.6138766210763222;1.3714668201095108;-0.3320406885220235;0.08504338595538385;0.05936653749788334;-0.4069463125302235;-0.5840807569768316;-0.0789392620956999;-2.1469260001232744;-0.45769581853877384;-0.42692981887698345;-0.6721075259868154;-2.4751597405969097;-0.5422404498903335;-0.14396184270499468;2.048510415941081;-0.03860882972314528;-4.104155628618422;1.6877109812641837;-1.006376295010372;0.08248932675860132;-1.0180038186883023;-0.1420961012574331;-0.39492977048627864;-0.6441187599224865;0.78919645715699;3.591655447551121;0.5155540877686384;-1.7073816492129446;-0.4364888864139642;-0.19220237680159258
1976;0.22405813969669452;NA;-0.6008630917456674;3.6233385730005097;-0.473931775556232;0.37526347955034467;3.9742095610884176;1.1531179606017261;1.1659138617650786;1.706746127445676;2.2608109434812924;5.607220424993027;5.551711375460274;7.027447297802112;0.7369968466055337;2.1658709946805494;1.5745477607523153;0.5545459776984707;1.419678219465844;1.6904480265892285;-0.45859714244311967;0.05153546884629456;2.65712982656793;0.5484687465623104;-2.857989919383157;-0.6266744244739018;-0.28640368526673754;-0.9050407960690414;2.9310274740149627;0.9999160777925109;1.1635266229285062;4.308510415941081;1.8483046318153153;-2.731413428290015;0.9356173852050702;-0.2798266900937785;0.7285440771611782;-0.7093309150153981;1.1499381317906252;1.8628528225075822;4.103381240077514;1.301636846955871;4.3449123667571605;1.4258678629198975;3.2997612079299117;4.874137649212571;-0.17833598004045914
1977;-1.5310630724245176;-2.81385779047789;-1.050513441396017;-3.811308389232658;-2.516646707682929;-0.2169486416617783;-2.8189210695422116;-3.7539634165500733;-0.7821192264702157;0.3370941749838767;0.1490085302082882;-1.9390999213273172;-3.61273306898417;-6.885245584228748;-0.4633076405739516;-1.221521246698761;-2.5420598042595053;1.5627205151190733;1.06742419442112;-0.3246057368516331;-0.03875026961822314;0.3728149606793245;3.179866112093377;-1.1748010274489893;-1.8038623396458213;0.040716879873923695;0.43283945859721307;0.19944224776884134;0.531052380615213;1.2850621816886143;0.891083365251605;2.3529641974536837;-0.70707185789216;-0.858766695178165;0.542485517073203;0.916996839317985;-1.3399744413573398;-0.6685340958008581;-2.942435659831286;-1.7108422893399755;-2.4441187599224863;0.19036155711727076;-2.4355774291612082;-0.8904395255941724;-3.850238792070087;-1.9589165772627082;-2.0248946844939004
1978;-1.4646865411543697;-0.4051049445380972;-0.9349236978062745;-2.375810553734822;-2.114082605118826;0.6075157778138784;-0.24747798011131739;-1.7427061066085523;1.1533938908137351;1.9396408642877816;-0.06286121769086961;-0.883287596397345;-3.80416877435246;-0.5832267121637944;-2.2061281533944648;-0.7437817830972282;-1.9577602873512916;2.844869933367697;0.5848741417340815;-1.1662724035182999;0.3686631440270922;2.561559948650455;2.2792469170469367;2.686925953769517;0.11684695106346865;-0.007378358221313164;2.6189961070489414;2.007947001442135;-0.24920735964452945;-0.09831547788585393;-1.1038545229471541;1.911234874145416;1.0078977492242238;-1.6242705711471572;2.172720559808246;-0.7835672632461161;2.4295060781231808;-2.2743042749887588;0.4788535181698972;1.6129049873484789;0.823528298901044;-0.17059787694926953;0.9692597801411171;-0.4385572776013076;NA;0.8660975710112027;-1.3566254537246705
1979;1.6021107712756422;-0.4371436148230359;0.6211464776323226;0.9746129358191027;-0.3303770633487684;-1.7474637931769283;0.6911097946553193;0.7354156684172484;-0.3845797149759633;0.5929456378495939;3.83800283760867;-1.9142552008304232;-2.5624552912063923;-4.892010087782978;-0.5624026631983874;-1.066610065925511;-1.3259486931483924;0.5181489188749424;-2.356383011031655;0.026480405470464596;-1.228763619267795;-1.3695171627326532;-0.2603596751912338;0.1902878522533662;-2.5284777242612053;-0.9139570331695541;-0.4557513676985323;-0.14554990293759573;5.075792640355472;-1.1213424574866444;1.0746923878079961;1.5839818099781446;0.5881082755400122;-2.5988539044804906;1.9211754209193561;-1.1782634346546175;-0.27950385312204595;0.8784326177481336;-1.0996885481496426;NA;-1.568062421894317;-1.3495581215975871;1.317825168241388;-1.4772154615226496;2.385475493644199;-1.664049780641526;1.3433745462753297
1980;1.2970155865052053;-0.7155527057321267;-0.5870049986192818;-0.22090545882972812;-1.4115185025547232;-1.254281974995111;-2.2743535589936883;-2.0817411943278508;-1.1041678375813273;5.735088943946389;6.7080421436536675;1.256418285955597;-3.0023362435873455;-0.5627966046369117;-0.39491603218234417;-0.008044821645981415;3.455238521463478;2.227661971083778;2.6356713570945125;1.001035288789394;4.1877570891410745;0.9397459951620828;0.8355222206906614;1.680208942640741;-0.9869152242612049;-9.497867927432679e-4;0.9316576057569517;0.5150716183982116;0.5561790572172995;2.1485490237938762;0.7438564744953009;1.1424483244378116;-0.413655178037752;5.188229428852841;1.299903099490784;0.9206917545722231;-0.3571172985001976;2.3357165683654184;-1.0367965620869253;-2.5390323345888444;NA;0.30051280038822803;0.2015036519198734;-1.0805121648193534;-3.051182188296501;-1.7404078053328824;-0.5612896328291477
1981;-0.525520807671727;-1.3137983197672147;-2.281923697806274;-2.0405208434451128;NA;-0.25168457239770703;-2.5911205230941246;-3.629154987431299;-2.34846717423141;4.9216982805557254;5.550312636756569;-4.1428593198235575;NA;-3.7011527690204744;-0.7925384098047203;-1.169384287009592;-2.25111535981506;2.151184633160657;0.4587978207947465;-0.2662724035182995;2.38775501789004;0.8668571062731942;-0.03755470238626124;-0.1154789935506848;-3.310977724261205;-1.2555126283227978;1.167196420037989;-0.09284282010446177;-3.893850216787386;-0.6332845925049346;0.929784663952903;4.161483677973164;1.9970922572333762;-1.7899568456569614;2.094290854592826;-0.27635199789131626;-2.1572878741931607;1.7455532868042862;-0.3867965620869249;2.073275357718849;-1.1395733053770307;0.32821965618019;-0.5056643856829464;-0.3504169267241153;-2.8064887920700876;0.011258861333782733;1.9313290917298769
1982;-0.94011833089154;2.847780627601205;1.2347429688603935;-1.1544631511374197;1.7897635487273282;-1.8519290338186387;0.7025532894321467;0.29603658344992745;-0.8820718779853678;2.7126073714648165;-2.7436115453448675;1.1963411403432538;2.371797955546855;-0.6929041315186311;-0.6894614867277973;-2.92129812296651;0.7409996636591174;-0.16310108112505795;-0.19477360777668107;-0.43542824767414423;0.718260658502448;-1.1709206715045832;-0.30362818114630663;0.21131078636330436;0.8861976004141194;-0.3987197398443856;NA;-2.1325328042062104;-0.12409913453630317;-0.4475391696627371;4.721616928074324;1.443358286123635;0.8067374346446705;4.261146095519509;-0.3864269497702981;-1.7095745892534433;-0.5680232218451451;-0.076092341994217;0.7041278076609743;1.9616086910521826;0.11644462035920355;0.1371085450690792;5.101374951791172;0.9490559414929383;-2.168593222449834;0.746864921939844;-0.525943635542852
1983;-0.09541244853860142;3.1006635104840896;0.3314943812897706;-1.0891222420465105;1.0989901145112713;-0.2205319749951098;1.4269122637911211;-0.7999230125096695;-0.5045567264702155;2.886750441509525;0.770141427811776;0.2763113340839354;-0.805258321509422;-0.6539730752251458;3.38738061853536;1.7260472767318298;0.4773846401849404;-0.10986725027928657;0.4055011174980425;-0.2274793000700237;0.09256594225978709;-0.08425400483791634;1.5989837591522011;0.45328196495311524;-3.208848094631576;0.25182799098503494;0.1797526082309755;NA;5.057340259403091;-1.490924660416649;-1.396715862547623;1.4699483244378104;0.0014400833203325192;2.6460546321048746;0.3213316709193563;0.13506826788941417;-0.29314904453194224;-0.8760432140158336;2.161446997632046;0.024764719420977244;-0.8148504672395589;NA;-0.32600600058978024;-0.5076343180284635;1.3819040650727707;2.0633421946671167;0.17450199725572269
1984;-0.7617990031604478;-0.39333048350990474;-1.3805348089173846;-1.0363710458742634;-0.9771861682223895;-1.7968107106272946;0.8723668092456665;0.8648274331231285;-1.131822549255026;2.827109535966981;0.3352949960141238;3.8654022431748487;0.21214148298715507;-0.8215466046369126;0.9641748769085652;0.6974442705426185;1.2281337038553506;0.0556064018681397;-0.24556725857033257;0.9742831520372555;1.6867809351876524;0.7381784275945158;0.13344321861166009;-1.1346490695296456;-0.257922168705651;0.45889869805574257;0.2548819929348287;0.4748078698011291;NA;0.1938121816886138;-0.6568865595604247;1.8843927688822575;0.5272881482988314;3.246941550064962;1.1439507185384041;1.1473919010463813;3.160771827299376;3.575046374361891;-1.974014607199706;1.1402521019048955;0.5273098115060861;-1.3538438358833034;-0.698625048208827;-0.0267306522143107;0.5997612079299142;-2.5331855831106607;-0.4836776925306401
1985;2.050175786755519;-0.015552705732126526;-1.4789475073300835;-0.4712900742143429;0.07544730941108746;4.437823288162784;0.12994256682142424;0.4890921390054821;1.4186970048730672;1.6492383875075962;3.3770079477971073;0.38463519772029997;-0.13727413178610348;0.7690874533341017;0.048651720819371747;0.9836063842909386;0.659078629255978;0.27461821712055645;-0.7639700363481099;-2.434349326595223;-2.4785329588391134;0.3841042041173086;1.9086776367032208;-0.4581600413164786;5.64222403012476;-0.8099873454781887;0.1270769151297504;0.35992807772835533;1.2698402594030895;-0.8726584065466803;-1.0636901539121588;1.1071200416095284;0.5332661702768533;1.0423960955195088;1.1024855170732017;-0.49243173211058533;5.989270841661529;-0.17820037888486162;1.4340825587921966;0.8719117213552128;2.8781034622997357;-0.2878914549309215;0.3998343355446732;1.0379752301386294;2.2015793897480957;-0.3420744719995499;0.9752623013773709
1986;-1.7724629870638697;-1.597034187213608;1.0139096355270603;-2.7212131511374196;-1.5084415794778003;-1.077877480613088;1.984055120933978;0.5850769874903321;-0.45110467167569546;0.026243735101179055;-2.551789789119441;-0.13433801656541178;-2.0293856709532285;-3.6869345356713943;2.686902149635838;-2.1646246949746235;-1.4780320264817277;2.5702322522082763;-1.3833450363481097;-0.26100924562356287;0.45553297522682;-0.6277704883544004;0.5523621375305794;1.2930959395447665;3.7474377686965408;0.6270182497369383;0.2944209436502483;0.539005400665328;0.30872914829197917;0.16766760337536013;-2.6532023490341103;1.1878256047031517;-0.4486719740530436;7.87739609551951;0.11043423502192162;-2.0926310676587585;4.503573945739435;0.29185309705096785;-0.1736097489001125;-1.6756532137097224;-0.7941187599224859;1.6413942593547937;1.085257735673956;-0.021986819197233665;2.082114149106385;-1.3250280584974403;2.5773031177039023
1987;0.7096295682681237;-1.5836686477611126;1.9311715402889646;-0.25623201906194737;0.7868272377265013;1.8684452977321637;-1.5912695543906965;-2.6242411943278503;-0.9701400598035494;NA;NA;-0.27937433617800345;-0.14162195787305976;-2.409371947102665;NA;-0.7899120512964624;-1.5469743341740347;-2.7603688406878994;1.1969939467027384;-1.2035173014774836;1.1225659422597882;-0.19897098596999285;-0.48315909799065615;0.09638541322897609;-3.6342224051122693;-1.6081720090149645;0.6029277309805661;-1.2700831204799314;-4.400335179193401;0.4258460799936987;-3.8357023490341104;1.2368927688822566;1.3751920962027793;-2.7028419997185864;0.4387045522752899;-0.2551967090691116;2.8610459668059267;0.001978458671024086;-0.01933624462660788;0.18554808499157538;-0.5929559692248114;1.591394259354793;-3.8267472404819634;-0.6626047201513456;-3.3077859618814074;0.5897976741191719;1.4137176835302316
1988;NA;NA;-1.2772940681766434;-1.45164452368644;NA;NA;NA;NA;NA;NA;-0.8843674288709948;3.6174476977203014;3.3595274674142974;4.041551221450046;0.9293620426839677;-1.790619389934836;0.12013826337334521;-0.9450058430298185;-1.812630750633824;-0.44390398246566853;-1.8639311223194692;-0.8994778854349308;-1.1798623946939522;-2.7075828407392777;-0.02543424600033717;-0.9000238608668161;-1.345255100680527;-1.955382927056334;-1.3399636621655375;-0.5739655960891632;-2.33320234903411;-2.821809762763314;-2.802733829723145;3.0514870046104168;-1.9227159481282623;-0.9333108529897061;-1.5680994413573401;-1.6718924011483134;-0.7143226944911074;NA;-0.8513914871952126;NA;-1.070202429161208;1.4666739823667942;2.5978004236161887;0.7614753115502335;NA
1989;-1.1204343976167372;-1.6274930042395894;0.5197429688603918;-2.1686676965919647;-2.2976614376338294;-1.8773588980720337;-0.9346261977473409;-1.3963963667416435;-0.015556726470216553;NA;NA;-3.5473250295524252;-1.7013703855460136;-6.1440466046369115;-0.6494614867277981;0.1968531375376923;-1.7610211569165095;-0.4905520615172154;0.2420395790365042;0.513645629268586;-0.05308798128146108;0.14884944343794437;-1.6403019551335145;-0.7574607406171765;-2.313887560326779;-2.015097073614448;-1.686559448506613;-0.14140735039419106;1.38888787845071;0.4413121816886143;-1.5061908547812362;-1.220051675562189;-1.2124985356054978;-3.4662245941356638;-2.4629275883399027;0.18106580483522627;-0.20997444135734078;1.1036178029333197;0.6648517895614265;-2.7472124471592005;0.7998812400775144;NA;0.26327971369593506;-2.097972482279671;-1.7688102206415142;NA;2.330402848162123
1990;2.129206287844843;-1.7605527057321266;0.16459145370887818;2.0804453854479465;2.297272706236485;-0.687158687323878;2.5711745588730883;0.7564663528419615;0.3888462586044108;-2.3963825275250823;NA;7.282511800284404;4.915520899269799;2.424703395363089;1.2185940688277572;0.05932932801388269;-0.32036310756280706;0.24034719473701216;0.12419594725844707;-0.9437724035183006;-0.8355292958354497;-0.22468878744661325;-1.3742515349654472;-1.0090199921764285;-0.4674632315075833;0.2085740227310673;0.7967738848267203;3.153820215480142;-1.296826407263577;-0.29471723007609185;-2.4949670549164633;-3.082077819353037;-0.10927041508899826;-1.4752095382833073;-0.5457735922385378;0.1371786574998044;-2.201974441357339;-0.6488821970666816;-1.905593554568128;-3.2896754619532826;-0.053493759922485395;1.1396085450690787;-0.3229107624945424;-1.4060985187639155;1.7310112079299138;0.07742801556263856;-1.3524587870580032
1991;-2.2737037650652105;-1.2782392728963066;-0.07781571658561681;-1.7071754152883623;0.21946802504197294;-0.24761530832844336;1.0672348444362827;0.7942792138354147;1.4408718449583553;-3.741388632531189;-1.994101185588141;-2.9016849553409223;-0.4088838626349638;3.3049453308469587;-0.5766219805549593;-0.23612448724716195;0.30545481562353594;-1.8516068282514935;0.5648902577695374;1.9434214740327214;0.46152698122082647;1.3092671219226464;-0.506661402138123;1.9841047114745898;-1.5256205814040626;0.19510284478620576;-0.6817975437447092;-0.640814162487569;-0.46026726747862945;1.103812181688614;-1.4194768588380295;-0.9551526856631991;-1.7520325310218476;-2.429290651468442;0.7463316709193553;1.7110603313814767;-3.388387139770038;0.9556725974538676;-0.5157593800908398;1.180214133229052;1.5776994218956961;-2.733702265741732;-2.7497528677576994;0.2828082985011102;1.3791262872949925;NA;-0.5128754537246705
1992;-0.7920187833802288;-0.6210072511866729;0.42822781734524185;2.1006998923408418;2.0467785463083628;-0.9572670496219775;3.082467819346676;3.6797972672106116;2.0118161548857163;-3.1669380830806393;NA;NA;1.020044708793609;3.643552601712294;1.0072549311826489;-2.231761581077027;5.097560078781433;-0.955470559036705;-0.23973847897106015;1.7072783211193823;0.16847070416454812;0.613321752737841;-0.5931048484427368;-0.5603310046814709;2.2107530449695645;2.858260739523047;3.5078849959378307;0.23686306224847797;-0.06875623182497925;3.808574086450518;1.8578502825448382;-1.5646316213616451;0.12627766452972722;1.4391493422727546;-0.2948447996688781;0.18741789194956482;-1.4059164703428468;0.4579035172190338;1.5263902510998886;-0.6993333379333251;3.0538404237509837;-2.728688556380197;4.071299763821248;-0.6287557245383226;2.64730219153647;0.7626249815523618;-2.1116254537246695
1993;-0.1258863047477501;-0.4878603980398193;1.8435971355270588;3.2575560796318115;0.8971305598256825;2.6918718711587353;1.2069122637911205;0.07450880567214924;1.5120358661223765;-1.8175194784294764;-1.9652962826259355;-0.010528492755888408;-2.1096219578730597;5.698220344515633;0.44809948888195805;0.4404748679199866;-1.166554753754454;-0.7498590719926383;-1.3555484261786184;-0.47460573685163343;0.00476055923701324;-0.15393142419275563;-1.6485968860090896;-1.7380973453917132;4.118899324919122;0.10956933889031806;0.18090086895370305;-1.1987294356202343;-0.6238105342477045;-0.8284458828275154;-2.4057829941954;-4.253607231117744;-1.945254377668352;-4.382603904480492;-0.808753074843354;-0.8116154055799738;-2.081403012785911;-1.783338718805811;-0.06835171579397858;-1.4710724683681082;0.19261593395506438;NA;NA;-0.7523268366340252;3.7311337569495215;0.4703064803814012;-1.603881551285646
1994;-0.08091369128922032;-0.714014244193665;-0.3808630917456668;-0.11987981780408496;0.20696071937277427;0.574665393425942;1.7881367535870405;-0.6710269086135652;-2.0978644187779087;NA;-3.7539326462622977;-1.5018704840978803;0.6888378122418839;0.08632620238063282;0.6438718466055349;0.5479642486488032;-1.8523967805800883;-1.1297677477917247;-1.2195714514424498;0.0144418821959853;-0.8488626291687833;-2.2866782472621594;-2.8653019551335133;-3.093088270981551;-1.8906516373046829;-0.15511645345940916;-2.637072269019434;-2.2011621478355545;2.1104199695480172;-0.9728544849780532;0.053783952335752616;-2.102418825320642;0.025978499043977976;-0.10556308815396065;-1.7273971426399655;1.5582825536037;-1.2086185091539505;0.9683236852862596;-0.616845823170669;-1.53514569491273;-0.30064049905292123;NA;-1.6847056342894131;0.41591640660921847;-0.441415262658321;-0.8477154976405759;-0.019125453724670116
1995;0.36811696322610565;-0.9746924906783638;-1.8321762230587995;-0.315466672264181;1.7341774681412465;0.6663701989179334;-0.6198962468471763;1.6500384666890984;1.9003956544821659;-3.4122770661314856;-0.6272085083312646;-2.587909445136841;-1.7668157563226714;-1.4600568786095138;-0.0031200233131638555;-0.013530887039880923;-1.0799070264817274;-0.7456407636647384;-1.0233450363481102;NA;-0.24066590785730924;-1.982185039320675;-1.7398623946939527;-1.7426389770149253;3.6156889424054626;0.2279509224271159;-2.1825364600008665;0.3509807093073025;-0.6634930739302423;-0.3743128183113864;-4.5191574052138845;-4.420201825712338;-1.0782338297231462;-2.9057857226623085;-1.216711807341512;1.883702721670927;0.13809573408125786;-0.7401321970666803;1.8167748664845043;-2.3279491320770695;0.1692145734108479;-0.977436909476376;-1.6703466599304377;1.4467987595503935;NA;NA;-1.1893635489627652
1996;1.2693560120371181;-1.1666890693684904;2.3789096355270605;0.33642540307944735;-0.11747383754231766;5.272569876856741;0.5184785288513618;2.0432588056721492;1.2428475288489338;-0.5004126593518254;1.9413798537377005;0.4263245093145045;1.549512793899991;4.669495062029753;0.8553004180341066;1.374388151543295;4.790950531657808;0.16321470834862772;NA;NA;0.37358635042305366;1.515539809595074;-0.8998026486147896;1.6398636740985406;0.7643794185959383;0.10738354654059012;0.01215850021133491;-0.3154478621212693;1.0007926403554706;-0.2726584065466797;2.54179765096589;-1.3659742035948081;1.688396605059463;3.7671087391976688;0.8987126233003089;-2.130441362929205;-1.2634438291124415;NA;2.7992216749951417;-0.8530260121441646;0.0683812400775139;2.2221467130080104;2.27741181815062;1.5171068827996947;2.760736817686009;NA;NA
1997;1.7972743559129096;0.395216525037104;1.3641454845836627;0.9551201821959143;1.4396285959607953;0.5945552343072151;0.12383534071419877;1.1894126518259949;NA;-3.4547287807550564;-1.4192552269074596;NA;-1.1309552912063925;-1.229030370870678;1.7278970038382404;1.9046020552866096;-2.487043220511578;-2.639472389141935;NA;NA;-1.3012435815497376;-0.44574654215134935;-1.1149051297366874;0.5336735488221951;-0.7548956347089657;1.1052330089061808;-0.6160466279937928;0.8302957778004529;1.672572499840248;-1.3548085079665588;-3.410674876506638;-4.785131040641553;-1.368806118879772;-0.8771691218717965;-1.9456038129516111;-0.36164832197233654;-1.3723273825338094;NA;0.9867748664845042;NA;-0.7635217449971128;1.2003962163019555;-1.0436223729814333;-0.12529980960699838;4.872261207929913;0.7433576267658815;-0.48444803436983097
1998;-1.0432661846276297;-1.5373475775269982;0.8451596355270592;0.4987166734239832;1.7226695316333105;0.33685726551121853;-0.5942415823627245;-2.1805507181373738;NA;-2.270725961868518;0.3731506870710337;-1.9376993611032276;-2.659330291206393;-1.9050188268591342;-1.5213364867277974;0.366364415733182;-3.036340850011139;-1.7756551936791691;0.7007928946863728;NA;-1.1280834083895623;-2.391129004837916;-1.3583239331554928;-0.25512973828617547;-0.36810735389083504;-2.0272076484279618;-2.6476705596177244;-1.8653961022869003;-1.3705106177898916;-0.3519255232294194;-4.032652898484659;-3.285607231117744;-2.4937718044066903;-6.38387509092117;-2.297698179826912;0.3517837245638873;-0.5189599486037171;-0.18933994354555317;NA;NA;0.37406305825933117;NA;-1.406500506084285;-0.5994061740359431;-2.4221900115822823;NA;-0.6155540251532416
1999;-2.244205018198043;-1.9114431166910304;-0.11892369780627376;-0.3097516126758819;NA;0.22636318629521135;-0.26800299044616693;4.41886856176971;NA;-2.8515534676960232;-1.7536517473858932;0.7513762691488743;-3.578032214283315;-1.6387225305628377;-4.768942006208317;-0.026516825832270996;-0.08594869314839215;-2.8587720767960523;-0.9408053538084271;NA;-0.22941818472433972;-1.352254004837917;-1.7220162408478004;-1.0388258543766575;4.796005034359485;-0.7726164534594089;-0.7765594485066138;-0.8509033486637128;0.0757226123442667;-0.08635175273761586;-1.8275322459413257;-4.970313113470684;-0.5607338297231443;-0.3715383307099991;-2.4522397576520722;-1.0502339299127836;-2.4242601556430534;-0.40151040219488543;1.5637260859966986;-2.5721300476865565;-0.34411875992248575;-1.0192769970995954;1.4342156742870689;NA;0.3468200314593233;-1.6477154976405757;0.5165888319896164
2000;-0.42027519363663934;-1.0762669914464125;-0.40086309174566814;3.28278684886258;NA;0.46661354739294936;0.5514405656779138;-0.06543684650176296;NA;-2.0090809402234964;0.08197644464679321;NA;8.937947934600063;10.005830846343482;NA;1.0974442705426188;-3.353170915370616;-0.9050058430298193;1.9698753026349394;-1.0589194623418292;0.2789854720970375;0.2557459951620835;-1.7728912408478;2.780868171849667;-3.8933796850455193;-0.26473766558062106;-0.22695492873260115;-1.49843105539858;-3.5748138286472244;0.02265276139875816;-3.8182023490341095;-3.470201825712339;-1.0507338297231463;-7.369007413252421;-0.16081118622349955;-0.1662490623213584;-3.1081562595391583;0.4206909736650264;-1.400598014871429;-0.09691332152643284;-1.0721889353610825;0.8771085450690776;-1.3988756747752422;NA;-0.3319848238161196;-0.09191574184082008;0.9189180245361994
2001;-0.8995388752286786;-2.12682031136593;-2.51538140924906;-1.2153184142953153;-0.5363582461444674;-1.3529306236437595;0.047964895370069094;-2.7658321034187594;-2.221784796645654;-2.5373926285351835;-4.604294965102879;NA;-0.19592303314187554;NA;-0.3548186295849405;NA;-0.5652079524076523;-2.393449339831525;-0.9483450363481101;-2.117198329444225;-2.0245383048444587;-3.151271548697565;-4.283159097990656;-1.6299303762447082;-2.132355275281614;-2.7331961636043367;-2.3239808321544118;-1.193212839079794;-1.027493073930243;-0.9567938789174466;-2.465555290210581;-5.961223669473908;-2.7364481154374314;-4.131413428290015;-3.303668329080643;-0.007669827348681935;-0.9736108049937027;-1.9209436005754519;-0.7026695779599414;NA;0.13988124007751424;1.0457832438642587;-3.545031974615754;-1.0559585933907822;NA;0.21560668742074007;-0.8068914111714784
2002;-1.2999545185311536;0.8349967448173228;0.3335524926699165;NA;0.060681227539743254;-0.07521220755324975;0.1080443392628192;-2.008824527661184;-0.8513114434513476;-5.450271416413972;-4.986403910630113;-5.715796983130764;-2.898412081329848;NA;NA;NA;-4.1059486931483935;2.0820465981998364;0.5587062457031706;2.226676314430417;-0.65583937335483;-1.9785397191236305;-0.016016240847799068;-0.43782511308681293;0.3307530449695637;-0.15111985481995394;-1.4832261151732808;0.9261861887593579;-0.26749307393024324;1.6552010705775029;-3.9636371316428045;-3.5068572311177437;-0.8757338297231456;-3.200196497073085;-0.19352340154441094;0.6779009489070269;0.5000255586426618;0.09374125972344416;-0.6524280320662204;-4.406450669678412;-0.1949959529049412;0.9316539996145323;-2.5743142712664717;NA;-2.8625029430134834;-0.3175699674950456;-0.3941254537246701
2003;-1.366703054333156;-0.5895253084718526;0.0551975143149388;4.234983570174055;-0.531164584172636;-0.18167923526908325;1.9734876062568754;3.588571305672149;2.239008490921089;-2.6821341615120105;-1.7135480308776838;-5.452236210325676;-1.9378124340635345;NA;-1.2154189335363093;0.676922823948841;0.2949645488607384;1.2285655855416078;2.3235299636518896;-0.5575061697520658;1.3238646435584887;1.867013600795886;3.039737183809736;0.23815756512771102;3.9361254503419705;2.0157168798739242;1.131985152432355;2.545083273409867;-0.20986988552444608;1.8409550388314706;2.409105343273584;-2.3795398153874068;1.1975014643945023;2.614017717141129;-0.026248974241934064;0.7488475855866419;0.08393860212092186;-1.5048329012920334;-0.24072513351549674;NA;-0.21942740189779464;NA;-1.0724345720183504;0.08144272239869199;NA;0.059976810051733054;0.6173499561113953
2004;-0.20581054717199265;-0.6041890693684904;NA;0.4255368488625795;-0.8786376579091737;-0.4495200702332056;1.0506622637911205;-0.4484078609945179;3.4027766068631173;NA;-2.4452591768745418;-4.813155750555561;-1.6715845046895375;NA;-0.6943594459114717;NA;2.9321465449468445;0.01324300489644692;-0.29920710531362715;1.215545778299882;-1.8217792958354515;-0.12520638579029786;0.6509068360752774;0.3996112196805903;5.399022275738794;2.137013176170221;0.3717738848267196;4.943175831258522;0.5155192717487687;0.4629519666348507;0.11487457404281365;-2.713236097097125;-0.6620545844401278;1.1148960955195086;-0.041903623198290774;-0.467366797045651;-1.8899744413573396;-1.6755488637333462;1.70844153315117;NA;2.7774197016159743;NA;-1.0100122117699026;-0.6655541816260753;1.8848358347955845;-0.38361293353801074;-1.0238551834543994
2005;0.47399931616728175;NA;NA;3.0465236909678435;-0.014528535999539294;-0.5678236416617768;-1.5633316386479033;0.470918380140235;2.217776606863117;NA;-5.946408374417638;-7.763872526998799;-2.9533336695847705;-2.7602649590672925;-1.0566686939350056;0.25177377245832666;-1.653170915370616;1.2511846331606566;1.2605259313938255;0.6101768718440184;-0.6086187267297607;-1.2596386202225327;-1.5149051297366896;-1.0725034756599126;-0.4352519178095928;-0.5038985047414597;-0.7590400686616512;3.534826863153457;-1.5381597405969103;1.0357566261330593;-3.424535682367443;-3.030870389012481;-0.5128027952403862;-2.8693686103628444;-1.9665254719377856;0.9612503604447458;-1.7666411080240065;-0.3621716707508913;-0.2708567124628658;NA;-0.07903939484312161;-0.14345220259447267;-1.925147049414372;0.08968183870798363;-2.3166771482344704;-1.8431629073736993;-0.8045732149186993
2006;-0.9202239115853565;NA;NA;0.7401201821959127;1.5915584205221984;-0.2633728840860208;-1.5140713427662558;2.3099254723388167;1.4294432735297846;NA;NA;-7.089283071510469;-2.199570675821777;1.7243828825425762;NA;-0.1384364377518832;2.160717973518272;-0.32370714173111814;-0.6308922061594311;0.15247759648170067;NA;-1.7321327927167038;0.4587295218640648;-0.2636145867710251;4.07677651302693;1.1370131761702211;-0.40604301658173014;0.1697131036734998;1.2883587779216086;1.8828444397531285;2.152429834873937;-1.0427500882606022;NA;8.68239609551951;0.028331670919357066;-2.0538845166142172;-1.5361282875111861;-0.8678107684952518;-0.7291928754509804;-3.2417246422811514;-0.5012616170653432;0.45513052309105717;2.523755904172127;0.08209287719745362;4.2531858654641574;-0.698264948190026;-0.011433146032362451
2007;-1.7939418603033062;-0.4580527057321264;-1.1993046501872255;NA;-1.5453860239222452;2.160907898422611;-0.32914834226948475;0.35575880567214924;-2.037453278194354;-3.8972012409753756;-1.1637152549579515;NA;-2.05374316999427;-2.3188941656125213;-1.2494614867277978;NA;NA;-2.5403368534827813;-1.2405864156584547;NA;-1.6083864386925946;-2.6525873381712497;-3.3635162408478;-2.5478006332826517;-1.7499062956897768;-2.4855989095997604;-2.333892781839946;0.6026023309289243;4.136506926069757;2.01415700927482;NA;-4.93940033456602;-2.1717214840441335;-2.590702496029788;-2.324563851468703;1.534148354469501;-0.21568872707162434;-2.04638219706668;0.9488336900139149;-3.935474642281151;-0.7964997123034383;0.777108545069078;NA;-0.09708359339078232;3.789313446735882;-0.8073558572809363;-2.4252729947082763
2008;-0.7876165590984865;NA;1.9901777514690888;-0.6786676965919654;-0.7204928615290829;0.83588195943112;0.27081470281551123;-1.2226986411363612;-0.292677938591428;-2.2034323359542007;1.3564840204043698;-5.463530563149263;-2.7940029102540116;-0.6275024869898527;-1.8186922559585685;-1.112853320387944;-0.11705980425950457;-0.41271348422583287;2.0144928014897285;-0.8312724035182999;1.3490540374978828;-0.06317292375683614;-3.6875547023862607;-0.13012061086740978;-2.56280204858553;-0.6334766685131727;-1.5413213532685184;-0.1940192906926974;1.2967808986724965;0.5346763792194782;-1.0373199960929327;-0.9367183422288541;-0.2550816558101019;2.5430454461688594;1.7463316709193553;0.6563301726513178;1.1489865976037006;0.5494009354634404;-1.6616734093775651;-3.223088278644788;-1.9774520932558195;1.2948300640564216;0.42399399941021976;0.9824657023838661;0.6260769974035973;-3.0568570806952025;-0.008879552085325315
2009;1.4798533204195863;NA;NA;1.3595993488625808;2.6600080329252984;2.2625404549114325;0.6558279264417228;-0.5198990890646931;0.06249882908533966;-1.188604749747304;3.663254853737701;-1.6262378692900086;0.7506261041424445;2.630681656232653;-0.5522137803057809;0.4701864708710257;NA;NA;1.3133638244113826;-1.2646057368516335;0.4069268445154268;0.3434003161497383;-1.132509747341306;-1.0211403599668998;-0.37087209045838954;0.005273841899239962;-0.19453046299936716;2.701435254761847;1.2394920006966235;-1.0496761904044094;-2.4106533294262675;-3.4063764618869747;0.5492661702768533;-2.952603904480492;-0.43531389870089576;-1.7983364940153477;-2.1137244413573395;-0.7930854937699774;2.445856499137564;-1.5846733602298695;1.036400720596994;2.2902232991674385;0.20437318812274263;1.215635507732813;-1.2571618689931654;2.186006336081258;-0.43048909008830627
2010;-0.597513288874735;-1.350492464768272;2.2248944840119087;NA;0.41516202412580316;1.0488108085100443;-1.5890297651943852;2.0092965415212074;2.2346606648341325;-0.5610437741375485;3.9427091447824765;-4.68190797238279;0.07450707438500537;0.7247033953630879;-1.5131783008870894;0.45938061006516406;NA;NA;0.5092392333148119;-0.6867269489728445;-0.3184828823333401;-0.4422131885113849;-1.7492485640801227;-0.11983080298723969;-0.9693419217920702;-0.3148386756816315;-0.007035638982802794;0.6225648677231437;-2.319590634905853;-0.08729892942249773;-2.4899250381097406;-3.7115721433984454;-0.1966053893561739;-2.6727201835502594;0.2109150042526906;-0.4984450211471305;-0.9984850796552109;-0.2238331774588378;-0.48069704362785615;-2.593040431754835;-0.9792538950576208;0.9845159524764853;0.6593114597276806;1.4957944553897065;0.33537764628607647;-0.23126987429840096;-1.3323607478423165
2011;0.11209262245531448;1.2391347942678728;1.0434309121228047;2.7965981696172975;0.9940720817243855;1.0849585313340047;-1.586647058242776;0.2702429326562754;3.4000884348201055;-3.623852976697659;-1.5332804723492561;-1.0250523022797005;-1.5602494088534513;2.0519402374683526;-1.6747779424240008;-0.9526706719861178;NA;NA;-0.33445614745922114;-0.5198438320897285;NA;-1.4439641497654527;0.0968170924855336;-1.0919895867710245;0.04592905539981196;-0.8722242965966638;-0.09688465175864636;1.152390965717558;2.400173592736424;0.13804946982420674;NA;-2.519410048019152;2.462476046820065;-1.0968631637397497;0.1989983375860227;1.0784611250322698;1.2694005586426602;0.24729427352155398;-0.11227918756955013;-3.747280197836707;-1.1441187599224865;0.05002521173574692;0.3230541497861612;-0.15496594633195837;6.823704869901743;-1.0161672990037696;-1.176734149376844
2012;NA;-0.7902005930560705;3.869486558603981;NA;0.2910456000093795;1.0849585313340047;-1.0764210695422118;0.9526927679363002;0.7977451603222363;-2.3394128305553856;0.6118080944784445;-5.3150523022797;0.25692876676462184;1.7020682602279518;0.5305385132722016;-0.08552207760860675;-1.7330320264817267;-0.04578506380904024;0.5798295668264934;0.6667921126107323;1.8564005287259526;-0.8819959403217865;-1.5599506670773078;-0.3096145867710245;-2.3093868151702965;0.2429202697044328;-1.1730852701028578;-0.5940859573593649;0.23858239776787116;3.3819156299644764;-2.195253631085393;NA;-0.29707185789215984;-5.119368610362844;-0.7601298675421813;0.39042541074655723;1.8652494392396761;NA;-1.5224226643796932;-2.0600579756144857;0.7743427785390526;-1.3165084762075168;NA;0.3584164066092175;-2.7573816492129435;-0.5733565232816016;-1.4993886116194064
2013;NA;-0.7669812771606983;0.9101934193108434;1.1544791565548866;2.0638106727744523;0.17656908883467715;-1.5450389557210737;NA;-0.9705567264702157;-0.973756264898821;1.3563132553770458;-4.284338016565412;-1.5327017700796315;-3.147212189052496;-1.0921799333297404;1.0739959946805495;1.4690513068516058;-0.1160605826826906;-0.8429102537394142;0.21337875927239836;0.31659191628576266;0.5872737729398612;-0.060391240847799565;-0.27447480182478756;-1.4842353000187813;-0.4847376655806208;-1.3567614687086333;-1.7548420755028236;-1.7795850279532317;-0.4578039799275482;1.8117556341591676;-1.0852150742549984;NA;-2.349526981403569;-0.10366832908064261;-1.0392121159058947;NA;1.102553973146085;0.5923243170339543;-3.162073479490454;0.804631240077514;-0.7407485977880626;-2.274514138021967;0.34147820436202725;-4.336602428433723;-0.5235896235147015;1.2237849940365244
2014;-0.7287244689989567;3.240002849823428;-0.19951629039886498;-0.17077412674717607;-0.3859905990856447;0.37735067806611333;-1.0885806939553575;NA;-0.38198529789878766;-2.469489103488801;-0.7974511647808171;-3.7385708207982162;-1.8622792348683639;-1.865177557017864;-0.7441983288330611;-1.0381879133654275;-4.262470432278828;-1.1034111586444375;-0.8801017931048678;-1.3357168479627441;0.39780403749788285;-0.1752399203308741;-3.1486829075144662;-0.973744456900894;-4.748477724261206;-1.1942037550467113;0.007884995937830652;-2.081088256209939;-3.6738379015164497;-1.5106805719345742;-4.668916634748395;-5.296691568467141;-0.5665233034073562;-6.901152291577265;-1.3779540433663584;-0.9022152818941356;-3.6863380777209764;-0.4433518940363772;-0.1476988177260221;-4.1484147831262215;-0.4854980702673135;0.2790693293828035;-2.6514524291612087;-0.6424169267241151;0.06095523778065903;0.05156893885316194;-0.10147839490114041
2015;1.7641567312459898;2.49032964720905;-1.7647668350611756;-0.2589274368517067;3.0566564597378862;2.799884691671558;0.761760748639607;4.982034315876231;2.900815822549392;-1.2301403302716505;4.585353068023416;-3.3253154601744352;0.6101193356592791;7.055808046525879;-0.6539558687502698;4.410434350844932;-0.1263788006752744;1.8095357347953414;1.0535780405749655;0.500791088545192;2.5685976882915345;NA;NA;-1.202206136066799;0.823060737277256;0.44749654089087354;1.2842738848267192;NA;6.98835877792161;NA;-1.2422384936124224;-2.4726660546471546;NA;NA;NA;NA;NA;-0.8577857058386105;NA;-0.05422464228115054;2.324846757318893;2.366217455960168;3.539172570838792;1.6231003146551952;10.09442787459658;4.2731636232385455;-0.13138035568545448
2016;-1.5911640825255287;0.859728193144278;0.6076596355270603;-1.0794631511374204;NA;0.769122280324039;-2.0823469954681384;-1.9979176649160868;-0.03737490828839718;-1.356773247915804;NA;-4.462157565437593;NA;1.0701147877681514;0.14614290887659642;-1.0188245181399633;-0.053774780104914655;-0.7369106049345806;1.4805011174980436;-0.4618606388124169;-0.37636262916878493;-1.829968290552202;NA;-2.3282721210175996;NA;0.22376772733155104;NA;0.6543984308262889;-1.0362203466575153;NA;0.9662094156717735;NA;NA;NA;-1.0414461068584204;NA;-2.628435979818878;NA;NA;-0.28577226132876987;-1.8178892517257648;-3.4028914549309217;-2.3795774291612073;0.19508307327588525;0.783343297482153;-1.3944882651029982;-0.2800903660053713
2017;-1.359541860303306;1.894169516490095;-2.277420151706983;5.453543605619338;NA;-0.6129878573480525;0.951330868442283;NA;-1.3152935685754796;-4.5534765446191;-2.485254485342759;-2.73869637007631;0.18694947069836942;-0.03612993797024444;-1.328948666214977;-2.481761581077027;0.3933710347427617;-1.0722964834239086;0.4192081551412503;-0.9686308940843373;0.1904230851169295;-2.5513968619807734;-1.9107988495434514;-1.8934450952455997;-2.7075253433088244;NA;NA;-0.34029588643737796;-2.383493073930243;3.6131145072700086;0.522353206521446;5.9552438327120445;-0.7574004963898116;-4.958624312643757;5.039809931788922;-0.8238603035391563;-2.444141108024006;-0.06638219706668025;5.738203437913075;-2.3407987163552253;3.04754790674418;-0.17936204316621485;1.8729649437201488;NA;-3.357865910714155;-0.6211220910471695;-1.150489090088307
2018;NA;NA;NA;NA;NA;NA;NA;NA;NA;-2.1952994276184548;-3.015111508050916;-2.4617189689463643;-1.9907447648906018;1.9733736081290463;3.2076813704150595;-1.4804226099706135;-0.693282026481727;0.636609063802478;0.07887718587411285;0.241694629448733;0.8405179018046667;1.0535237729398617;0.9596980448664869;-0.5714406737275457;6.197419711636231;3.304914410738121;0.9516758456110335;1.8829609073271047;0.2958475854104172;2.2658374981443092;-0.9237428895746511;NA;0.045167809621116106;3.8061891989677843;1.9757837257138782;1.359960694739673;0.24002555864266029;-0.3559566651517869;NA;-1.564399060885803;-0.41627065865666335;0.10389425935479224;0.757922570838792;0.12669622312297957;-0.41716186899316376;1.8290366391115622;NA
2019;5.222918604812973;-1.088783474962896;-2.640659329990182;-1.1953343632586328;-3.243712897307258;-1.1065041972173333;-2.651120523094125;NA;0.4106501700815084;-2.7528076482980293;-0.5044428503439295;-3.762518055704355;-1.5378124340635342;-1.0516854935258007;-0.28023071749702844;-1.2008758001912456;-2.222380618031023;0.7204195181258797;-0.3669347799378535;0.046962890599346885;1.8489151486089934;-0.43899084694317914;-1.5300162408477984;-1.481739586771024;0.37627637409944903;4.356845912131988;1.6625633585109316;2.640135638884768;-0.1879828698486108;1.391483414565327;0.276099976547286;-1.249817757433533;0.5211762826364055;-2.3593280424115246;0.16154906222370435;0.947232133435632;-1.2170014683843657;1.495184067993561;0.11019591911608195;-3.015505130086029;1.3130240972203726;-0.33648368794062833;NA;NA;NA;-0.3334297833548616;0.27875916165994497
2020;NA;-0.7827358043236758;-1.2879040899631375;-1.1493535020146126;NA;1.2439680250048895;-1.4798962468471766;2.3806397580531016;NA;-3.4314442559201446;-1.2042267639093573;-6.223278108731311;-4.610043010504637;-3.2176353143143306;-0.9689736818497501;-0.05448885380429935;0.7044679735182733;0.9340003681503042;1.23697242396935;0.7420609298150342;2.86522187787347;NA;-1.2290013154746653;NA;-2.18942112048762;NA;1.1361678242206583;NA;2.3855978351606666;NA;NA;NA;NA;NA;NA;NA;0.1800255586426598;NA;0.2164017321561449;-2.8365359630358684;-1.6763768244386155;NA;NA;NA;NA;-1.348511253608745;1.5936018190026031
